czh9qe9,czh4s7x
czhl3sb,czh4s7x
czhbk3i,czh4s7x
czhgozn,czh4s7x
czhjzzo,czhgozn
czhg8ad,czh4s7x
czhfp2n,czh4s7x
czhk148,czhfp2n
czhga5f,czhfp2n
czheb2a,czh4s7x
czhaqbl,czh4s7x
czi2gov,czh4s7x
czhchb7,czh4s7x
czhamki,czh4s7x
czh9h8t,czh4s7x
czhk1m4,czh9h8t
czh83sq,czh4s7x
czhdwnl,czh4s7x
czhllci,czhdwnl
czhhock,czhdwnl
czhlr4s,czhdwnl
czhng4k,czhdwnl
czhmivj,czhdwnl
czi92rw,czhmivj
czhkc7f,czhdwnl
czhojyt,czhkc7f
czhk129,czhdwnl
czhkppo,czhk129
czhl6rt,czhkppo
czhijup,czhdwnl
czhho0c,czhdwnl
czh8j68,czh4s7x
czhe59n,czh8j68
czh99xk,czh8j68
czheu5y,czh8j68
czhidru,czh8j68
czhetds,czh8j68
czhd2xg,czh8j68
czhapwj,czh8j68
czhc1aq,czhapwj
czk8jm4,czhc1aq
czhlnfq,czhc1aq
czhdmkg,czhc1aq
czhgswf,czhdmkg
czhjsql,czhgswf
czh90w5,czh8j68
czheok3,czh90w5
czig17c,czh90w5
czhdva9,czh90w5
czhc11y,czh90w5
czhc45x,czh90w5
czhfmge,czhc45x
czhkl8v,czhfmge
czhkpar,czhkl8v
czhlyew,czhkpar
czhhjpd,czhfmge
czh90j5,czh4s7x
czhra5y,czh90j5
czhhqjm,czh90j5
czhfgld,czh90j5
czhebd2,czh90j5
czhebae,czh90j5
czhe2z4,czh90j5
czhdqva,czh90j5
czhd32q,czh90j5
czhc8fq,czh90j5
czhbt6g,czh90j5
czhixxp,czh90j5
czhank4,czh90j5
czhen9l,czhank4
czhcoad,czhank4
czheydo,czhank4
czhey6w,czhank4
czheh6v,czhank4
czhfkiw,czhank4
czhdrbn,czhank4
czhb40q,czhank4
czhf4tb,czhb40q
czhfbbs,czhb40q
czhdcv9,czhb40q
czhdmpk,czhdcv9
czh8eba,czh271u
czh8e19,czh271u
czha99z,czh8e19
czh7yuo,czh271u
czh7rt7,czh271u
czhrzmn,czh271u
czh9aok,czh271u
czh8d6f,czh271u
czh7l4i,czh271u
czh448x,czh271u
czh8isa,czh271u
czh8f9r,czh271u
czh7yxg,czh271u
czh35hc,czh271u
czh99tw,czh35hc
czh9g2g,czh99tw
czh3taj,czh271u
czh5czw,czh3taj
czh84fc,czh271u
czhdvih,czh84fc
czhecmg,czhdvih
czh6t64,czh271u
czh6r1p,czh271u
czh6g4k,czh271u
czh5xly,czh271u
czig3xe,czh5xly
czhdlze,czh5xly
czh76z8,czh5xly
czh8v1w,czh76z8
czhbwjm,czh8v1w
czhg06q,czhbwjm
czhhwe0,czhg06q
czh8sv0,czh76z8
czhc00u,czh8sv0
czh9ahq,czh8sv0
czh7lai,czh271u
czh5hny,czh271u
czhelmv,czh5hny
czhdn1k,czh5hny
czha6dn,czh5hny
czh911e,czh5hny
czh8br6,czh5hny
czh8bk4,czh5hny
czh7ycc,czh5hny
czhdog8,czh5hny
czhcn17,czh5hny
czhbdgt,czh5hny
czhcjwz,czh5hny
czhdpwh,czhcjwz
czhbbc5,czh5hny
czhff9v,czhbbc5
czhme67,czhff9v
czis39b,czhme67
cziskje,czis39b
czh8yoa,czh5hny
czhaajh,czh8yoa
czh9viv,czh8yoa
czhd6nd,czh5hny
czh8wk8,czh5hny
czhaxyz,czh5hny
czhb7ck,czhaxyz
czhf00g,czhb7ck
czig3kn,czhb7ck
czinlu9,czig3kn
czjj30j,czinlu9
czjuwom,czjj30j
czjv1q4,czjuwom
czjv8pl,czjv1q4
czjwlrc,czjv8pl
czh7mlp,czh5hny
czh8gch,czh7mlp
czhapdp,czh8gch
czh8doa,czh7mlp
czhaxze,czh8doa
czhbep1,czhaxze
czhbxn7,czhbep1
czhhsqj,czh8doa
czhel9n,czh8doa
czhaufx,czh8doa
czhaez3,czh8doa
czh987q,czh8doa
czh94rx,czh5hny
czhev8e,czh94rx
czhdfl9,czh94rx
czh3fyb,czh271u
czh3pwp,czh3fyb
czh3t82,czh3pwp
czh41a1,czh3pwp
czh44co,czh41a1
czh46q1,czh44co
czh4s8o,czh46q1
czh5hlw,czh4s8o
czh5j1b,czh5hlw
czh9bip,czh5j1b
czhip7j,czh9bip
czhw3i3,czhip7j
czh8oq3,czh5j1b
czh963x,czh8oq3
czh9il1,czh963x
czh8g3q,czh5j1b
czh5pxo,czh5j1b
czh7qpb,czh5pxo
czh82ob,czh7qpb
czh64x8,czh5pxo
czh6oy7,czh5j1b
czh7ldz,czh6oy7
czh5zmr,czh5j1b
czh63eu,czh5zmr
czh7pt7,czh63eu
czhbnk1,czh7pt7
czh83aw,czh7pt7
czh8ezd,czh83aw
czh96wl,czh8ezd
czh8qrp,czh8ezd
czh45k7,czh41a1
czhg7ko,czh45k7
czhbqyh,czh45k7
czhhtuz,czhbqyh
czh7w31,czh45k7
czhjent,czh7w31
czhfvi5,czh7w31
czh90h9,czh7w31
czh9e6q,czh90h9
czh9kos,czh9e6q
czhahw9,czh9kos
czhaomv,czhahw9
czhb2e3,czhaomv
czhby4b,czhahw9
czhaw0v,czhahw9
czhb28a,czhaw0v
czh91yd,czh90h9
czha0zg,czh91yd
czhc0yx,czha0zg
czhb6tm,czh91yd
czha5wr,czh91yd
czhc1da,czha5wr
czh9bpp,czh91yd
czhbzbq,czh9bpp
czhfuzo,czhbzbq
czhjin9,czhfuzo
czh9c75,czh91yd
czhbzs5,czh9c75
czhd7ue,czhbzs5
czhjk3g,czhd7ue
czhliof,czhjk3g
czhlxnw,czhliof
czho3ew,czhlxnw
czhsib9,czho3ew
czhxzdh,czhsib9
czha9rw,czh90h9
czhdmo9,czha9rw
czhaii0,czha9rw
czhaof3,czhaii0
cztm3l4,czhaii0
czhkekp,czhaii0
czhks22,czhkekp
czhlcos,czhks22
czhlyjb,czhlcos
czhcdht,czhaii0
czhdcrk,czhcdht
czh3bam,czh271u
czhjite,czh3bam
czhhn4r,czh3bam
czheyx4,czh3bam
czhd6qz,czh3bam
czhdgih,czhd6qz
czhb8bq,czh3bam
czhb0en,czh3bam
czhatfh,czh3bam
czhaxrl,czhatfh
czh9e2v,czh3bam
czh8va1,czh3bam
czh8uso,czh3bam
czh8pnl,czh3bam
czh8sn3,czh8pnl
czh9093,czh8sn3
czhan67,czh9093
czhawie,czhan67
czh8ab7,czh3bam
czh8mrm,czh3bam
czh7m2y,czh3bam
czh8bxe,czh7m2y
czh8mim,czh8bxe
czh90mi,czh7m2y
czi7wvh,czh90mi
czh91pv,czh90mi
czhcbbj,czh90mi
czhck7j,czhcbbj
czhdbkj,czhck7j
czhfl8a,czhdbkj
czhfn7l,czhfl8a
czh7jjk,czh3bam
czhjfb2,czh7jjk
czhdgtr,czh7jjk
czhdbp9,czh7jjk
czhf6cy,czhdbp9
czh9ubv,czh7jjk
czh93ie,czh7jjk
czh7nl6,czh7jjk
czh7qqq,czh7nl6
czhaqkv,czh7nl6
czh7qst,czh7nl6
czh82w0,czh7qst
czhfs9f,czh7qst
czhenkg,czh7qst
czh7s0u,czh7qst
czh848i,czh7s0u
czhd9xa,czh7s0u
czh7vbc,czh7s0u
czh8obf,czh7vbc
czh7yxf,czh7vbc
czha0e0,czh7yxf
czha0t9,czh7s0u
czhi70l,czha0t9
czh7qi5,czh7nl6
czha2zz,czh7qi5
czh8nxr,czh7qi5
czh7zuo,czh7qi5
czh83gz,czh7zuo
czh89qp,czh83gz
czh8aps,czh89qp
czh8bzr,czh8aps
czh8eli,czh8bzr
czh8gs6,czh8eli
czjp021,czh8gs6
czhgd1n,czh7qi5
czhet72,czh7qi5
czhdx3m,czh7qi5
czhd23p,czh7qi5
czhaix7,czh7qi5
czh9crv,czh7qi5
czh8z7t,czh7qi5
czh8tyx,czh7qi5
czh8md8,czh7qi5
czh9wpi,czh7qi5
czh7t1n,czh7qi5
czhd8st,czh7t1n
czhm3z0,czhd8st
czhb1wd,czh7t1n
czh8oqf,czh7t1n
czh8r3i,czh7t1n
czhb59a,czh8r3i
czh8jp9,czh7t1n
czhb6gz,czh8jp9
czh7w1o,czh7t1n
czhb16o,czh7w1o
czh9y2t,czh7w1o
czh9cy2,czh7w1o
czh843r,czh7w1o
czh8eb6,czh843r
czk9xgt,czh8eb6
czhb0m1,czh8eb6
czh8c16,czh843r
czhc0so,czh8c16
czhc1nu,czhc0so
czhb3ui,czh8c16
czha3wx,czh8c16
czh8t8v,czh8c16
czhlbc0,czh843r
czh89u7,czh843r
czhb0rx,czh89u7
czh8eu0,czh89u7
czhbigk,czh8eu0
czhb2ic,czh8eu0
czhafin,czh8eu0
czh9lsx,czh8eu0
czh88jt,czh843r
czhlv7g,czh88jt
czh8bqe,czh88jt
czig2ek,czh8bqe
czig3i2,czig2ek
czigbjr,czig3i2
czigcdg,czigbjr
czigfoi,czigcdg
czhnne0,czh8bqe
czhns0z,czhnne0
czhht8c,czh8bqe
czhnpsm,czhht8c
czhnud3,czhnpsm
czho20f,czhnud3
czho3or,czho20f
czhbiec,czh8bqe
czh912y,czh8bqe
czh94rr,czh912y
czh9bqb,czh94rr
czh9d47,czh9bqb
czh9iqw,czh9d47
czh9qt6,czh9iqw
czhaezb,czh9qt6
czhai6x,czhaezb
czhasyg,czhai6x
czhix54,czhasyg
czh7tu5,czh3bam
czh8gv3,czh7tu5
czhi684,czh7tu5
czhh9x6,czh7tu5
czhez56,czh7tu5
czhd5tg,czh7tu5
czh87kr,czh7tu5
czha57p,czh87kr
czha1r0,czh87kr
czhcjvx,czh87kr
czh9ksb,czh87kr
czhk1wq,czh87kr
czhjarw,czh87kr
czhd646,czh87kr
czhanvf,czh87kr
czhacdi,czh87kr
czhek9x,czh87kr
czhk2mx,czhek9x
czhmmjt,czhk2mx
czh8att,czh87kr
czh8nhh,czh8att
czh8w87,czh8nhh
czh8za1,czh8w87
czhak7q,czh8za1
czhli18,czhak7q
czh9asp,czh8za1
czh9zaj,czh9asp
czhmxw5,czh8att
czhbkyi,czh8att
czhl955,czhbkyi
czhjbbe,czhbkyi
czhkrq3,czhjbbe
czhhhxk,czhbkyi
czhgymp,czhbkyi
czhgiuq,czhbkyi
czhgd8g,czhbkyi
czhfy3h,czhbkyi
czhkxhg,czhfy3h
czhljd3,czhkxhg
czhe2wq,czhbkyi
czhfjrz,czhe2wq
czhdbdl,czhbkyi
czhg5uh,czhbkyi
czhfpl4,czhbkyi
czhd25s,czhbkyi
czhe33r,czhd25s
czhgo8t,czhe33r
czhgof2,czhe33r
czhbxns,czhbkyi
czhc159,czhbxns
czhfjca,czhbkyi
czh9ejc,czh2n4u
czh9mw8,czh9ejc
czhhjvi,czh2n4u
czhbrn7,czh2n4u
czharje,czh2n4u
czh9vhc,czh2n4u
czh90b2,czh2n4u
czh7p0u,czh2n4u
czhcc78,czh7p0u
czh8dxh,czh7p0u
czh8gky,czh8dxh
czhc7nq,czh7p0u
czha68c,czh7p0u
czhb5hc,czh7p0u
czhca31,czhb5hc
czh7wn3,czh7p0u
czh8d0a,czh7wn3
czh8fci,czh8d0a
czh9dvl,czh8d0a
czhd1ai,czh9dvl
czh9lj6,czh9dvl
czh9nhk,czh9lj6
czh9s4k,czh9dvl
czhaocx,czh9s4k
czhdy6j,czh7wn3
czhzrlt,czhdy6j
czhtte5,czhdy6j
czh8dks,czh7p0u
czh8pmm,czh8dks
czh927s,czh8pmm
czh9gxm,czh927s
czh9o5a,czh9gxm
czhdcih,czh9o5a
czhcuwa,czh7xwi
czhc0k3,czh7xwi
czhbynq,czh7xwi
czhbxsa,czh7xwi
czhh7x2,czh7xwi
czj0s9g,czh7xwi
czhlvoz,czh7xwi
czhfkcd,czh7xwi
czhenko,czh7xwi
czhdfm1,czh7xwi
czha0df,czh7xwi
czhbudn,czha0df
czhc32u,czhbudn
czhhsy8,czh7xwi
czhbt0m,czh7xwi
czhhw67,czhbt0m
czhcjfg,czhbt0m
czhbgdx,czh7xwi
czh93nx,czh7xwi
czh9qmd,czh7xwi
czhkm9q,czh9qmd
czhqyfz,czhkm9q
czhr8ki,czhqyfz
czhartv,czh9qmd
czhfpzz,czhartv
czha08a,czh9qmd
czhntfr,czha08a
czhi9qw,czha08a
czha2v4,czha08a
czhgy9f,czha08a
czhefcf,czha08a
czhauxm,czh7xwi
czhcq3i,czhauxm
czhbw6y,czhauxm
czhc6i6,czhauxm
czhd424,czhc6i6
czhy89s,czhd424
czhc248,czhauxm
czhbyoa,czhauxm
czhcmuo,czhbyoa
czhyrug,czhcmuo
czhlb5h,czhbyoa
czhmwca,czhlb5h
czhmx3i,czhmwca
czhn3ta,czhmx3i
czhc1u8,czhauxm
czhjqwt,czhc1u8
czhdqam,czhc1u8
czhe7up,czhc1u8
czhg3az,czhe7up
czhfslj,czhe7up
czhflnt,czhe7up
czhjdkh,czhflnt
czhjc6m,czhc1u8
czhh95v,czhc1u8
czhgt8o,czhc1u8
czhev4w,czhc1u8
czhjju3,czhev4w
czhlsun,czhjju3
czky50z,czhev4w
czkybs8,czky50z
czjixpw,czhev4w
czhhadu,czhev4w
czhj1s2,czhev4w
czhfsfe,czhev4w
czhg8j8,czhfsfe
czhkdsy,czhev4w
czi2h4u,czhkdsy
czi2kg3,czi2h4u
czi9cfc,czi2kg3
czisauc,czi9cfc
czhf2hg,czhc1u8
czhct1j,czhc1u8
czh8vdh,czh7xwi
czhbasf,czh8vdh
czhbeiu,czhbasf
czhbii4,czhbeiu
czhcrym,czhbii4
czh9i50,czh8vdh
czhiag4,czh9i50
czhanq0,czh9i50
czhbjos,czh2pqm
czha4qk,czh2pqm
czh97iq,czh2pqm
czhfm49,czh2pqm
czh7wz7,czh2pqm
czh5lvg,czh2pqm
czhlmaq,czh5lvg
czh93c9,czh5lvg
czh7t5d,czh5lvg
czhc2zf,czh7t5d
czh93el,czh7t5d
czh8s4x,czh7t5d
czh8ltc,czh7t5d
czh80y8,czh7t5d
czhb31w,czh80y8
czhcvje,czhb31w
czh7yxz,czh7t5d
czhkxj5,czh7yxz
czhbe55,czh7yxz
czhb2gt,czh7yxz
czhcj5p,czhb2gt
czhaxa4,czh7yxz
czig75t,czhaxa4
czjsxfe,czhaxa4
cziry9w,czhaxa4
czhcut4,czhaxa4
czhh75d,czhaxa4
czjyaq5,czhh75d
czkdblz,czjyaq5
czh8v6l,czh3fa8
czh95gs,czh8v6l
czhecim,czh95gs
czh9cpx,czh8v6l
czha2fo,czh9cpx
czhagkc,czha2fo
czhb6o3,czhagkc
czh9hg9,czh8v6l
czha700,czh9hg9
czh990z,czh8v6l
czh9vbu,czh990z
czhjof7,czh9vbu
czh9lcs,czh8v6l
czh9ume,czh9lcs
czha6sq,czh9ume
czhajii,czha6sq
czk6kmu,czh3fa8
czhx9jf,czh3fa8
czhlt10,czh3fa8
czhd6vx,czh3fa8
czhfhws,czh3fa8
czhabxs,czh3fa8
czh76xf,czh3fa8
czkfm7h,czh76xf
czi13jl,czh76xf
czhj8zi,czh76xf
czhdqit,czh76xf
czha6s2,czh76xf
czh82lv,czh76xf
czhe7mv,czh76xf
czhas63,czh76xf
czh93cm,czh76xf
czh7u8v,czh76xf
czh9f9v,czh7u8v
czh97b4,czh7u8v
czh8dlc,czh7u8v
czh8iii,czh8dlc
czh9gez,czh8iii
czhdo9y,czh9gez
czh4vub,czh3w9f
czhi0v8,czh4vub
czhhvud,czh4vub
czhasd4,czh4vub
czh6idv,czh4vub
czjz2zh,czh6idv
czj1mh6,czh6idv
czhazwm,czh6idv
czh8b2i,czh6idv
czhasyj,czh8b2i
czhd8un,czhasyj
czh8xpo,czh8b2i
czh41r7,czh3w9f
czhd8ye,czh41r7
czhd79k,czh41r7
czhd369,czh41r7
czhd623,czhd369
czhcd4j,czh41r7
czhbynj,czh41r7
czhb6m5,czh41r7
czhaviw,czh41r7
czhaqeu,czh41r7
czhapz7,czh41r7
czhao90,czh41r7
czh9h9d,czh41r7
czh8hxz,czh41r7
czh87je,czh41r7
czh8gh2,czh87je
czh8v9z,czh8gh2
czhbrt6,czh41r7
czh898c,czh41r7
czh7tjg,czh41r7
czh4vco,czh41r7
czh7w89,czh4vco
czh8561,czh7w89
czh93lt,czh7w89
czh988c,czh93lt
czh9ilc,czh988c
czh9rou,czh9ilc
czha37k,czh9rou
czhsav4,czha37k
czhaavu,czha37k
czh9van,czh9rou
czha2ag,czh9van
czha9o4,czha2ag
czhajlq,czha9o4
czh878q,czh7w89
czh87ch,czh41r7
czhbajc,czh87ch
czhju2e,czhbajc
czh4t2h,czh41r7
czh7q8s,czh4t2h
czhgslw,czh7q8s
czhw7sy,czhgslw
czjg8f3,czhw7sy
czh88np,czh7q8s
czh5ifg,czh4t2h
czhi8zk,czh5ifg
czhqwhm,czhi8zk
czhu3ys,czhqwhm
czhu8jf,czhu3ys
czh8gys,czh5ifg
czh59h0,czh41r7
czh6ayr,czh59h0
czh8ll3,czh6ayr
czh6l6i,czh6ayr
czh9u1c,czh59h0
czjaa18,czh59h0
czhv1e3,czh59h0
czh8n2w,czh59h0
czhd639,czh8n2w
czh9zv7,czh8n2w
czh9so7,czh8n2w
czhbh7i,czh8n2w
czhc3f3,czhbh7i
czh9rdi,czh8n2w
czhcy34,czh9rdi
czhao0u,czh9rdi
czhawis,czhao0u
czhb32m,czhawis
cziom30,czhb32m
czh96q3,czh59h0
czh7hpg,czh59h0
czhk7lw,czh7hpg
czhinhj,czh7hpg
czhgldo,czh7hpg
czhb280,czh7hpg
czh9rtd,czh7hpg
czh80cf,czh7hpg
czh8cea,czh80cf
czibi8z,czh8cea
czh8h0t,czh8cea
czh4n08,czh41r7
czhi613,czh4n08
czhfh0d,czh4n08
czh7o7r,czh4n08
czh95rz,czh7o7r
czh9hss,czh95rz
czh9qhz,czh9hss
czhcsvr,czh9hss
czhhatv,czhcsvr
czha48a,czh9hss
czh9pxw,czh9hss
czh7mqg,czh41r7
czil12j,czh7mqg
czkyry0,czil12j
czjm5gm,czil12j
czh7zt9,czh3w9f
czhh2ys,czh3w9f
czhbcda,czh3w9f
cziugoa,czhbcda
cziqohq,czhbcda
czjbgq7,cziqohq
czh7jpk,czh3w9f
czhcv68,czh7jpk
czh92oh,czh7jpk
czh8tn4,czh7jpk
czh81fy,czh7jpk
czh8jq7,czh7jpk
czh8fmy,czh7jpk
czhakzp,czh7jpk
czk6iu9,czhakzp
czhbb4n,czhakzp
czh8144,czh7jpk
cziko9f,czh8144
czhedj1,czh8144
czk0nt7,czhedj1
czhaz5j,czh8144
czhcqii,czh8144
czh8qix,czh8144
czh9aoi,czh8qix
czh9z7t,czh9aoi
czkejqa,czh9z7t
czhes9d,czh9z7t
czj4avm,czhes9d
czhedyd,czh9z7t
czj4dgt,czhedyd
czh7ugu,czh7jpk
czikobl,czh7ugu
czju3g5,czh7ugu
czmwdad,czju3g5
czknefc,czh7ugu
cziw0wv,czh7ugu
czhe55y,czh3w9f
czhe7gw,czhe55y
czh708h,czh3w9f
czhidp4,czh708h
czhcel5,czh708h
czh7o4v,czh708h
czhbnkd,czh7o4v
czhib6l,czh7o4v
czh872f,czh7o4v
czh8x9d,czh708h
czhdalz,czh8x9d
czhfp09,czh8x9d
czheshz,czh8x9d
czhar6f,czh8x9d
czh816n,czh3w9f
czhfp63,czh816n
czh8djw,czh816n
czh9but,czh816n
czivzee,czh9but
czizekd,czivzee
cziukd9,czh9but
czizsdn,cziukd9
czj1hdc,czizsdn
czhmcu6,czh9but
czhv8w1,czhmcu6
czi27vq,czhv8w1
czi31il,czi27vq
cziqiws,czi31il
czir7ha,cziqiws
czi7ce9,czh9but
czhbfc2,czh9but
czh6xqj,czh3w9f
czh8euv,czh6xqj
czh9noq,czh8euv
czhl443,czh6xqj
czhav9h,czh6xqj
czhh60g,czhav9h
czi5ipj,czhh60g
czhaf12,czh6xqj
czh8uuo,czh6xqj
czhd22e,czh6xqj
czhazrq,czh6xqj
czh7s91,czh6xqj
czhag6l,czh7s91
czh7x9e,czh7s91
czh7pik,czh6xqj
czh7h41,czh6xqj
czh8agx,czh7h41
czhbagm,czh8agx
czh96sv,czh8agx
czh9sat,czh8agx
czhbd5t,czh9sat
czhhenc,czh9sat
czhhks4,czhhenc
czhhmt9,czhhks4
czhhoyx,czhhmt9
czhhpej,czhhoyx
czhhr1e,czhhpej
czhhsuh,czhhr1e
czhhwma,czhhsuh
czhi1sd,czhhwma
czh91jm,czh8agx
czh9oju,czh91jm
czjhdaa,czh9oju
czjhhgw,czjhdaa
czjj1t1,czjhhgw
czhccbq,czh9oju
czhdw46,czhccbq
czhqfqx,czhdw46
czhh827,czhdw46
czhe5si,czhdw46
czhhb7t,czhccbq
czhqcur,czhhb7t
czhqsw0,czhqcur
czhbc6f,czh91jm
czh54rb,czh3w9f
czhkiss,czh54rb
czhiwtn,czh54rb
czhkwqw,czh54rb
czhhl8q,czh54rb
czhgf9w,czh54rb
czhf6k6,czh54rb
czh8hbp,czh54rb
czh9hf5,czh8hbp
czh99v5,czh8hbp
czh9058,czh8hbp
czh8vrx,czh8hbp
czh9c1f,czh8vrx
czh9knc,czh9c1f
czhcrxy,czh9knc
czhjk1z,czhcrxy
cziocvt,czhjk1z
czifrcv,czhjk1z
czh8zhd,czh8hbp
czhax14,czh8zhd
czhbphm,czhax14
czhvwhk,czh8zhd
czhb9sr,czh8zhd
czh95ei,czh8zhd
czhba6o,czh95ei
czhbzfq,czhba6o
czhdoza,czhba6o
czhezui,czhdoza
czj6e6w,czhezui
czhg113,czhezui
czh85qz,czh54rb
czjyn9y,czh85qz
czharbt,czh85qz
czh94xl,czh85qz
czhc1hg,czh94xl
czhc60o,czhc1hg
czhbpii,czh94xl
czh9d89,czh94xl
czhdklw,czh9d89
czhkuvl,czhdklw
czjasop,czhdklw
czjitd3,czjasop
czjtjc9,czjitd3
czhfg1b,czh9d89
czhkpyz,czhfg1b
czhlkuf,czhkpyz
cznfjte,czhfg1b
czjk9a7,czhfg1b
czh7rx1,czh54rb
czhilv5,czh7rx1
czhkc84,czhilv5
czh9ttv,czh54rb
cziz9h2,czh9ttv
czjih09,czh9ttv
czk7nni,czjih09
czhiyng,czh9ttv
czhab8a,czh9ttv
czhttfa,czhab8a
czhtspe,czh9ttv
czhknqh,czh9ttv
czhbw7l,czh9ttv
czhfsym,czhbw7l
czhgvn7,czhfsym
cziorc6,czhbw7l
czhe0q3,czhbw7l
cznfih1,czhe0q3
czj865v,czhe0q3
czjsxrj,czj865v
czk25ns,czjsxrj
czh84sk,czh3w9f
czhorky,czh84sk
czj7afd,czh84sk
czhha5k,czh84sk
czixlrs,czhha5k
czh9jjq,czh84sk
czhae1d,czh9jjq
czhbrp3,czhae1d
czhc7nv,czhbrp3
czjiaw9,czhc7nv
czhcdnn,czh84sk
czhito5,czhcdnn
czlcp5d,czhcdnn
czh9ouu,czh84sk
czizje8,czh9ouu
czj9br6,czizje8
czqddxm,czj9br6
czk7ier,czh9ouu
czjfduh,czh9ouu
czoqn22,czjfduh
cziiwrs,czh9ouu
czhkmsd,czh9ouu
czjb8vf,czh9ouu
czhfgml,czh9ouu
czhcny8,czh9ouu
czhe10f,czhcny8
czj9yvw,czhe10f
czja2hp,czj9yvw
czk4g4i,czja2hp
czhh9gi,czhe10f
czikn4t,czhh9gi
czikscv,czikn4t
czilkn9,czikscv
czilwy4,czilkn9
czhdixp,czhcny8
czhgytz,czhcny8
czhihnw,czhgytz
czhirny,czhihnw
czhnkh8,czhirny
czizrsy,czhnkh8
czj0cd1,czizrsy
czjxaaa,czizrsy
czmkr8s,czjxaaa
czh7yfj,czh3w9f
czhd5p4,czh7yfj
czhqsx5,czhd5p4
czkduse,czhqsx5
cziyoas,czhqsx5
czhcdqc,czh7yfj
czintgu,czhcdqc
czhlrf3,czhcdqc
czhdxtt,czhcdqc
czhfoni,czhdxtt
czheimt,czhdxtt
czhg8y3,czheimt
czhm340,czhg8y3
czkw0hi,czhm340
czi5cyp,czhm340
czhjl1q,czhg8y3
czhl0sg,czhjl1q
czj6kgh,czhl0sg
czjby6b,czj6kgh
czhm6tg,czhl0sg
czhmr1c,czhm6tg
czhm0fu,czhcdqc
cziotke,czhm0fu
czj1ulx,cziotke
czh7si4,czh3w9f
czh900s,czh7si4
czimels,czh900s
czj6u82,czh900s
czlbtl2,czj6u82
cznfew3,czh900s
czlbpx0,czh900s
czki586,czh900s
czk6lc1,czh900s
czk3qum,czh900s
cziwk2p,czh900s
czhdvjp,czh900s
czhqo16,czhdvjp
czhcmr0,czh900s
czj1ry4,czh900s
czil2ff,czh900s
czhgcrx,czh900s
czhbrr2,czh900s
czhqfic,czh900s
czh992a,czh900s
czh9cu1,czh992a
czhdzie,czh900s
czjxav6,czhdzie
czk3ae0,czjxav6
czk4kas,czk3ae0
czh9xqs,czh900s
czhf0qr,czh9xqs
czisbjr,czhf0qr
cziw7wg,czisbjr
cziw1b7,czisbjr
czh9a3j,czh900s
czhf5nr,czh9a3j
czhdnbw,czh9a3j
czj3g9m,czh9a3j
czhclmh,czh9a3j
czhers7,czh9a3j
czji2te,czhers7
czheve9,czhers7
czhbs2e,czh9a3j
czhb5iv,czh9a3j
czhg5g7,czhb5iv
czhgnag,czhb5iv
czjjbkt,czhgnag
czhccb9,czhb5iv
czhczu0,czhccb9
czhkwqp,czhccb9
czkg4op,czhkwqp
czh9txt,czh9a3j
czhg0bb,czh9txt
czk886z,czhg0bb
czkismh,czhg0bb
czhc0w9,czh9txt
czhjfzt,czhc0w9
czjy2ew,czhjfzt
czkmep9,czjy2ew
czh93tm,czh7si4
czhf4me,czh93tm
czhhtvc,czhf4me
czhhbll,czhf4me
czhkm1v,czhhbll
czhfexz,czhf4me
czhh562,czhfexz
czhijxz,czhh562
czhitpy,czhijxz
cziztzd,czh93tm
czj6ktx,cziztzd
czlomvv,czj6ktx
czhetbs,czh7si4
czhjapj,czhetbs
czhifmz,czhetbs
czhlkt5,czhifmz
czhp8s3,czhlkt5
czhqkbn,czhp8s3
czifq8y,czhqkbn
czkj0mf,czifq8y
czpp3vg,czhetbs
czlxr49,czhetbs
czk8knp,czhetbs
czjv4w6,czhetbs
czjmbb7,czhetbs
czjmnlw,czjmbb7
czjgyf5,czhetbs
czj26ru,czhetbs
czjc883,czj26ru
czjadjj,czj26ru
czjqvjq,czjadjj
czj4bok,czhetbs
cziynh0,czhetbs
czirz6p,czhetbs
czheiil,czh7yd1
czhhpy9,czh7yd1
czhg9oz,czh7yd1
czhay6g,czh7yd1
czh9nhq,czh7yd1
czhw1wh,czh6ju9
czhhb66,czh6ju9
czhea0r,czh6ju9
czhb7fy,czh6ju9
czh898g,czh6ju9
czh8lfk,czh898g
czhil29,czh8lfk
czhcsx7,czh8lfk
czh9p9f,czh8lfk
czig3l9,czh9p9f
czhct1u,czh9p9f
czha9dj,czh898g
czh8osa,czh898g
czh9nz0,czh8osa
czhd74n,czh8osa
czhb5qy,czh8osa
czheg30,czhb5qy
czh97zf,czh6ju9
czhc36u,czh97zf
czhdnit,czhc36u
czhdjw8,czh97zf
czhdntz,czhdjw8
czhdu9r,czhdntz
czhdxbi,czhdu9r
czhe3xc,czhdu9r
czihwd0,czhdjw8
czjqd3e,czh97zf
czhx4ot,czh97zf
czhx5bo,czhx4ot
czhlnij,czh97zf
czh9azu,czh2to1
czhagm3,czh9azu
czhfr1d,czh2to1
czh7x9m,czh2to1
czh9hrv,czh7x9m
czhdpfh,czh7x9m
czhapf1,czh7x9m
czh8wv9,czh7x9m
czihuwz,czh8wv9
czhef2m,czh8wv9
czhv1kl,czh8wv9
czhbbe5,czh8wv9
cziwzir,czh8wv9
czh9ynp,czh8wv9
czhdij7,czh2q2h
czhfo4q,czhdij7
czht0a8,czh8429
czht4wd,czht0a8
czhe47h,czh31aq
czhibfb,czhe47h
czhcf48,czh31aq
czhw4vv,czh6q38
czhwijw,czhw4vv
czhfygl,czh6q38
czhcyre,czh5f06
czhmd5n,czh5f06
czhhnn4,czh5f06
czhgzlf,czh5f06
czhc8h2,czh5f06
czh7y22,czh5f06
czhh4cq,czh7y22
czhgsvn,czh7y22
czh9mni,czh7y22
czh9d2u,czh7y22
czh8jyy,czh7y22
czhdth4,czh8jyy
czh9dco,czh8jyy
czh8e0b,czh7y22
czhdpx6,czh8e0b
czh97f1,czh8e0b
czhban8,czh8e0b
czhb1ix,czh8e0b
czhez6w,czh8e0b
czhdrrz,czh8e0b
czhaw9m,czh8e0b
czh9m0u,czh8e0b
czhb01g,czh8e0b
czh8q37,czh8e0b
czha0hc,czh8q37
czhg4du,czha0hc
czhcrs1,czh8q37
czh9rvp,czh8q37
czhcq36,czh9rvp
czhkp0x,czhcq36
czhp0x1,czhkp0x
czhb6ip,czh7tp2
czhb5oa,czh7tp2
czhci41,czhb5oa
czhcs9i,czhci41
czhdb9y,czhcs9i
czhduqb,czhdb9y
czhdvdx,czhduqb
czhdzrl,czhdvdx
czhi3aq,czhdzrl
czhm60p,czhi3aq
czhmt4k,czhm60p
czhnmc9,czhmt4k
czhcv1c,czhcs9i
czihx47,czhcv1c
czhc9yi,czh7tp2
czhb8fu,czh7tp2
czhdg1e,czhb8fu
czhwir2,czhdg1e
czhiwcg,czhdg1e
czhgkb7,czhdg1e
czhf9hm,czhdg1e
czhenag,czhdg1e
czhebre,czhdg1e
czhdie6,czhdg1e
czhdmd1,czhdie6
czhdpeb,czhdmd1
czhdsfx,czhdpeb
czhlm2g,czhdsfx
czhm7s9,czhlm2g
czhn2ec,czhm7s9
czheebh,czhdsfx
czhdq4l,czhdmd1
czhdyc3,czhdq4l
czhflci,czhdyc3
czhl31j,czhflci
czhlgei,czhl31j
czhlwkq,czhlgei
czhm4qc,czhlwkq
czhed41,czhb8fu
czhfhql,czhed41
czhfhq1,czhed41
czhfs1i,czhed41
czhg707,czhfs1i
czhgfr2,czhg707
czhraig,czhgfr2
czhrs87,czhraig
czhryqy,czhrs87
czhsilu,czhryqy
czhgx2e,czhb8fu
czhily0,czhgx2e
czhiimv,czhgx2e
czhen63,czhb8fu
czhjvqm,czhen63
czhca1n,czh323z
czhaqum,czh323z
czh7dql,czh323z
czhf3j5,czh7dql
czhgkrn,czhf3j5
czh7ewp,czh7dql
czh97eo,czh7ewp
czh7vgc,czh323z
czhf2kg,czh7vgc
czhkiut,czhf2kg
czhah9i,czh7dnd
czhhbku,czh7dnd
czhcfss,czh7dnd
czhawrl,czh7dnd
czjiz4m,czh5e8s
czhhq2w,czh5e8s
czhhgfg,czh5e8s
czh8gxr,czh5e8s
czhcwbk,czh7es9
czhl969,czhcwbk
czi6e93,czhl969
czheyzu,czhcwbk
czh8jkg,czh7es9
czhatpy,czh7es9
czh8uli,czh7es9
czh9g5x,czh8uli
czhamqv,czh9g5x
czhglw0,czh84an
czhdc6p,czh84an
czjgdaa,czh84an
czh8lo3,czh84an
czh8ax8,czh84an
czhd56m,czh84an
czhba7z,czh5kum
czhdb2x,czhba7z
czhd9xo,czh5kum
czhhzq6,czh5kum
czhhqth,czh5kum
czhcxif,czh5kum
czhd5jv,czhcxif
czhd8e2,czhd5jv
czhebnm,czh5kum
czhktig,czhebnm
czh9b9x,czh5kum
czh95tr,czh5kum
czh62mo,czh5kum
czhdao7,czh62mo
czhfaz5,czhdao7
czhym4k,czhfaz5
czh8vui,czh62mo
czhfp54,czh8ca0
czhgidq,czhfp54
czhgby9,czh7lk6
czhazf4,czh7lk6
czh7w3d,czh7lk6
czhe003,czh7w3d
czh8gc3,czh7w3d
czha2b7,czh5cqn
czhdjua,czha2b7
czhdt4o,czhdjua
czky8ne,czhar3q
czhby1r,czhar3q
czhdgm7,czhby1r
czhf1x5,czhdgm7
czhov0y,czhf1x5
czix5lk,czhoe27
czja4yb,czix5lk
czjvulq,czja4yb
czi1oxl,czhoe27
czh2eza,czh228v
czh2pey,czh2eza
czh3w2i,czh2pey
czh47rx,czh3w2i
czh3a9a,czh2eza
czh3m89,czh3a9a
czotg5w,czh3m89
czh3zkc,czh3m89
czh2oru,czh2eza
czh2nas,czh2eza
czh2r5c,czh2nas
czh4jiv,czh2r5c
czh7dln,czh2nas
czhshx2,czhs17a
czht607,czhshx2
czh9ddx,czh8ais
czhkzyc,czh8ais
czh8z1x,czh8ais
czh90ac,czh8z1x
czhcwni,czh90ac
czhlvb3,czhcwni
czhmew4,czhlvb3
czhnjko,czhmew4
czha74j,czh8ais
czhenq9,czha74j
czhfaal,czhenq9
czhfbnb,czhenq9
czhae5r,czha74j
czha6ew,czh82nl
czh9hn8,czh82nl
czhbgz0,czh9hn8
czhqtm3,czhbgz0
czhcuf5,czh82nl
czhk6pb,czhhx5f
czhiwnp,czhhx5f
czhmt1v,czhac47
czhfieg,czhac47
czhdb4s,czhac47
czhly4c,czhdb4s
czhm61i,czhly4c
czhmgbf,czhm61i
czkk4k6,czh8t2c
czq9vdv,czkk4k6
czkjxkk,czh94oe
czkq50q,czkjxkk
czkwktr,czkq50q
czky0mr,czkwktr
czlc0uu,czky0mr
czlcqoq,czlc0uu
czhjr8y,czh94oe
czhpyed,czhjr8y
czhq022,czhpyed
czhgyao,czh94oe
czha1jt,czh94oe
czhajp9,czha1jt
czhd279,czhajp9
czh9vit,czh94oe
czhd8gx,czh9vit
czhen7w,czhd8gx
czhe2cu,czhd8gx
czhg437,czh8qya
czhjp04,czhf8yb
czhwhls,czhjp04
czpamen,czhwhls
czh8da1,czh804h
czhcfez,czhcemq
czhcibv,czhcgb8
czhj7xe,czhj7vf
czhk4d8,czhj9ii
czhx6zh,czhj9ii
czhnqlw,czhnnpp
cziejcg,czhnqlw
czj3jdk,cziejcg
czjojkv,czj3jdk
czhsker,czhrkcg
czil1gf,czigytx
czjw462,czje84l
czstzfb,czjw462
czjl1vk,czjkpcw
czjnyrs,czjmqbo
czlifjn,czk9pnb
czko526,czknxu7
czhahol,czh9dqt
czhdbwe,czhahol
czh78c6,czh6kur
czhatuy,czhasy4
czh8b0e,czh3ac3
czh8u1q,czh8b0e
czh8yqr,czh8u1q
czh8w9d,czh8u1q
czhb5bm,czh8w9d
czhbvdj,czhb5bm
czh9ery,czh8w9d
czh9kks,czh9ery
czhb5y6,czh9kks
czhb7ie,czh9kks
czh8gbd,czh3ac3
czh3y40,czh3ac3
czhgzd1,czh8gc9
czh8iny,czh8gc9
czhh0o8,czh9zr4
czha5yj,czh9zr4
czhb7kd,czh9952
czhh1b3,czh72p1
czhh2w0,czh9gnd
czh8inw,czh7kbb
czhchrm,czh8inw
czhb3yk,czh8inw
czhb90w,czhaerj
czhfi2r,czhb90w
czhasn6,czhaerj
czhb35t,czhasn6
czhj4le,czhiryd
czhk1jl,czhj7v4
czhjio5,czhjd8e
czn11mi,czmso0s
czo3av7,czn11mi
czn0xc5,czmso0s
czo29gc,czn0xc5
czh74pz,czh326k
czhk3v5,czhim9m
czhksgq,czhk3v5
czhky9z,czhksgq
czhl571,czhky9z
czhl78w,czhl571
czh89v8,czh3uph
czh8dev,czh89v8
czh7ewg,czh3uph
czh8640,czh7ewg
czh8cmq,czh8640
czh6z82,czh3uph
czh8910,czh6z82
czh55aa,czh3uph
czh7oty,czh55aa
czh8icf,czh7oty
czh8qh0,czh8icf
czh936e,czh8qh0
czh873u,czh55aa
czh8caz,czh8319
czh87in,czh8319
czh97s0,czh8u7i
czhd8dy,czhctke
czhdboe,czhd8dy
czhdhfx,czhdboe
czhmfif,czhdvgn
czhgb45,czhewye
czjc5oy,czhgb45
czhimuu,czhgp0a
czhitzc,czhimuu
czh9ueu,czh91mx
czh935u,czh91mx
czh8ekb,czh7x8r
czh9c0t,czh8ekb
czhd7eh,czhcxhi
czjl8oq,czj8v9o
czhdajx,czhcojx
czhnrnh,czhixgs
czhovrs,czhnrnh
czhwu2k,czhovrs
czhwxm5,czhwu2k
czhx029,czhwxm5
czhxmp4,czhx029
czhxw2h,czhxmp4
czhjznp,czhjcd5
czhk85t,czhjznp
czhkwta,czhk85t
czhjthh,czhjcd5
czhk5w7,czhjthh
czh8gsh,czh87iv
czh8hy5,czh8gsh
czhcm3r,czhb4mk
czhbacm,czhb4mk
czhbcb2,czhbacm
czh89w6,czh88so
czh8nw2,czh89w6
czh955f,czh8nw2
czhtv5r,czh89w6
