czikv3a,czikrry
cziqsoc,czikv3a
czikxcp,czikv3a
czimgl1,czikxcp
czil9as,czikv3a
cziku2o,czikrry
czikx0m,cziku2o
czikys3,czikx0m
cziu1kz,czikys3
czil92o,czikys3
czioj4q,czil92o
czilebo,cziku2o
czj82xt,czilebo
czinbie,czilebo
czinnh3,czinbie
czily6n,czilebo
czip86j,czilebo
czituvw,czip86j
czioh0i,czilebo
czimzis,czilebo
czin3ev,czimzis
czintxe,czin3ev
czis7xv,czintxe
czittq4,czis7xv
czilmoz,czilebo
czimblj,czilebo
czilhnr,czilebo
czilb5r,czikrry
czimdwf,czikrry
czimjtr,czimdwf
cziksyw,czikrry
czimo7g,cziksyw
czil97q,cziksyw
czilnr3,czil97q
czilr3z,czilnr3
czip1wj,czilr3z
czikzq0,cziksyw
czilqmh,czikzq0
czisaji,czilqmh
czimtci,czikzq0
czilawb,czikzq0
czis7rl,czilawb
czil9dj,czikzq0
czil0cl,cziksyw
czilmlt,czil0cl
czim24z,czilmlt
czimb6u,czim24z
czizxtq,czimb6u
czis1o7,czimb6u
czim45j,czilmlt
cziu197,czim45j
czio3mf,czil0cl
czimqqm,czil0cl
czim1ji,czil0cl
cziqmn5,czim1ji
czinjxg,czim1ji
cziqv8l,czim1ji
czin85z,czim1ji
czikucc,cziksyw
cziqnpm,czikucc
czilaup,czig6p3
czikb75,czig6p3
czika20,czig6p3
czijm3r,czig6p3
cziix13,czig6p3
cziifeq,czig6p3
czihnn1,czig6p3
czijrlo,czig6p3
czii6ft,czig6p3
czii19z,czig6p3
czihim7,czig6p3
czihujs,czig6p3
czihy9v,czig6p3
czigb84,czig6p3
czii8c6,czig6p3
czimnp8,czii8c6
czih4d0,czig6p3
czigryx,czig6p3
czih3ta,czig6p3
czij49v,czih3ta
czigept,czig6p3
czigrwf,czigept
czigvmi,czigrwf
czigyfx,czigvmi
czih26w,czigyfx
czih5a8,czigyfx
czih69q,czih5a8
czihc9w,czih69q
czih9f6,czih69q
cziounp,czigept
cziqpe6,cziounp
czittbz,cziqpe6
cziosoi,czigept
czikprt,czigept
czio9r2,czigept
czipw2y,czio9r2
cziqslu,czipw2y
cziiuzf,czigept
cziwhpw,czigept
czipqgq,czigept
czipbwh,czigept
czio5wy,czigept
czik4fa,czigept
czj0w0h,czigept
czioblg,czigept
cziqcyn,czigept
czii7ju,czigept
czigzdh,czigept
czj12uh,czigzdh
cziroyh,czigzdh
czilfb3,czigzdh
cziz7na,czigzdh
czihuio,czigzdh
cziigly,czigzdh
czihqu1,czigzdh
cziii42,czigzdh
czihhoo,czigzdh
czimccr,czihhoo
czitvv7,czimccr
czihrwg,czigzdh
cziianb,czihrwg
cziu68n,cziianb
cziimfg,cziianb
czihhv7,czigzdh
czj7sad,czihhv7
czivll3,czihhv7
czioa5r,czihhv7
czinb49,czihhv7
cziltkc,czihhv7
czijj8t,czihhv7
czinu6g,czijj8t
cziiqir,czihhv7
cziijm3,czihhv7
czijcdt,cziijm3
czikefz,czijcdt
czipokl,czikefz
czimy0v,czikefz
czippgm,czimy0v
czigki9,czig6p3
czihf5v,czigki9
czijalp,czihf5v
cziic9n,czihf5v
cziik84,czihf5v
cziitiq,czihf5v
cziisp0,czihf5v
czii9m9,czihf5v
czj5yhb,czigki9
czj25k2,czigki9
czirkgs,czigki9
czinaic,czigki9
cziqaao,czinaic
cziok9b,czigki9
czikm1p,czigki9
czil4h5,czigki9
czixgpo,czil4h5
czioseb,czil4h5
czipd3i,czioseb
czitfyl,czipd3i
cziwzz5,czipd3i
czixvs7,cziwzz5
cziyzij,czixvs7
czj5dy7,cziyzij
czj7e1l,czj5dy7
czivsza,czipd3i
cziq7mv,czipd3i
cziw1pa,cziq7mv
cziusor,cziq7mv
czirj4m,cziq7mv
cziof4n,czil4h5
czirfm6,czil4h5
czigpc3,czig6p3
czipgfe,czigpc3
czih9fp,czigpc3
cziimtp,czigpc3
czikejq,cziimtp
cziphfh,czikejq
cziqczh,czikejq
cziz4cc,cziqczh
czj4dva,cziz4cc
czj519j,czj4dva
czj5il8,czj519j
czj5mrs,czj5il8
czj9asz,czj5mrs
czj47jm,cziqczh
czigqr2,czig6p3
czin36o,czigqr2
czimt9m,czigqr2
czimm8z,czigqr2
czimgsb,czigqr2
czim544,czigqr2
cziltnt,czigqr2
czil2ou,czigqr2
cziky28,czigqr2
czikw95,czigqr2
czikvc9,czigqr2
czikt0g,czigqr2
czikpbc,czigqr2
czikctt,czigqr2
czijn4m,czigqr2
czijis7,czigqr2
cziix1g,czigqr2
cziinbq,czigqr2
cziiijb,czigqr2
cziidmj,czigqr2
czilndl,czigqr2
czihzw9,czigqr2
czin3ye,czihzw9
czj5ug8,czin3ye
czjeinn,czj5ug8
czjgvuq,czjeinn
czjznpk,czjgvuq
czker40,czjznpk
cziulu2,czihzw9
czir7hq,czihzw9
cziiwp9,czihzw9
czih42n,czigqr2
czijn8d,czih42n
czjhv1b,czih42n
czitpv6,czih42n
czimhic,czih42n
czijxej,czih42n
czilzf3,czih42n
czioae5,czih42n
czildgb,czih42n
czirahk,czildgb
cziic5v,czih42n
czipfpi,cziic5v
czij1za,cziic5v
cziuffy,czij1za
czj62bs,czij1za
czivkri,czij1za
cziupie,czij1za
czipfoj,czij1za
czikhor,czij1za
cziqomk,czij1za
czit34n,cziqomk
cziuiqw,czit34n
czixaoc,cziuiqw
cziqbfl,czij1za
czinngo,czij1za
czij4du,czij1za
czij6qi,czij4du
czijbyc,czij6qi
czil1he,czijbyc
czimb90,czil1he
czijfay,czijbyc
czilj80,czijfay
czipm0p,czilj80
czijlsq,czij6qi
czijvdl,czijlsq
czik4zd,czijvdl
czik2n2,czijvdl
czil5gv,czik2n2
czin8wk,czil5gv
czilrvt,czil5gv
czilg7w,czijlsq
cziu17f,czilg7w
czioqhq,czilg7w
czin8sx,czij4du
czilgfj,czij4du
czilmar,czilgfj
czik5rm,cziic5v
czipems,czik5rm
czizk40,czipems
czipjmq,cziic5v
czimv26,cziic5v
czijbpu,cziic5v
czjtwq5,czijbpu
czjimtw,czijbpu
czind62,czigyf1
czin850,czigyf1
czimyhk,czigyf1
czilpnv,czigyf1
czilic3,czigyf1
czijvve,czigyf1
czil9wf,czigyf1
czituai,czigyf1
czimidc,czigyf1
czimhw2,czigyf1
czima4q,czigyf1
czim2tu,czigyf1
cziiq79,czigyf1
czimkdo,czigyf1
czilz66,czigyf1
czimdvy,czigyf1
czimd1j,czigyf1
czilbdz,czigyf1
cziizbp,czigyf1
czijgut,czigyf1
cziinu4,czigyf1
cziu1kr,cziinu4
czimcyy,cziinu4
czilr8n,cziinu4
czijc9j,cziinu4
czije6c,czijc9j
czjcgcp,cziinu4
czior3b,cziinu4
czim4ar,cziinu4
czin9al,czim4ar
cziqw4i,czin9al
czixbjh,cziinu4
czipmpg,cziinu4
czingov,cziinu4
czit5qv,cziinu4
cziqie1,cziinu4
czilwx6,cziinu4
czinlkb,cziinu4
czil0e0,cziinu4
czjcz5n,czil0e0
czj92ms,czil0e0
czipxsd,czil0e0
czin1gn,czil0e0
czilutg,czil0e0
czil42t,czil0e0
czj96ap,czil42t
czj9mjb,czj96ap
czjb29l,czj9mjb
czj8aav,czil42t
czj8i4x,czj8aav
czj43un,czil42t
czistw2,czil42t
czislmq,czil42t
czio33i,czil42t
czim3lt,czil42t
czip8aa,czil42t
czio314,czil42t
czip3w7,czil42t
czivyqp,czip3w7
cziro6w,czip3w7
czisk99,cziro6w
cziug7c,czisk99
czipk0a,czil42t
czio2sv,czil42t
czj93p6,czio2sv
czilgbn,czil42t
cziioi8,czigyf1
czimxj5,cziioi8
czir9j7,cziioi8
czix4rn,czir9j7
czix79r,czix4rn
cziqeuk,cziioi8
czio0wu,cziioi8
czinazz,cziioi8
czilmkc,cziioi8
czim9mz,cziioi8
czimzoq,czim9mz
czikhci,cziioi8
czimcab,czikhci
czimrkp,czimcab
czinalm,czikhci
czirhkg,czikhci
czjl79j,czirhkg
czilu3p,czikhci
czilwvd,czilu3p
czim3c0,czilwvd
czilwqg,czilu3p
czim38e,czilwqg
czlawaw,czim38e
czilcmr,czikhci
cziqy4z,czilcmr
czj0tnc,cziqy4z
czirc61,czilcmr
czj0qpc,czirc61
cziohyq,czilcmr
czim6q7,czilcmr
cziisc4,czigyf1
czio6je,cziisc4
cziqt3x,czio6je
czj5j2k,cziisc4
czivf7p,cziisc4
czishct,cziisc4
czir4sd,cziisc4
czioxkd,cziisc4
cziwn2v,cziisc4
czinz1d,cziisc4
czio4xz,cziisc4
czint89,cziisc4
czip9ah,cziisc4
czikxi2,cziisc4
czjcw1q,czikxi2
cziq4hs,czikxi2
czine8x,czikxi2
czigjkf,czig2p7
czjesqh,czig2p7
czjcuip,czig2p7
czjanrz,czig2p7
czj08u1,czig2p7
cziuryt,czig2p7
cziu63w,czig2p7
czipx3c,czig2p7
czio4gh,czig2p7
czin50n,czig2p7
czik2hs,czig2p7
cziieqw,czig2p7
czig768,czig2p7
czj01wq,czig768
czisix4,czig768
czipb16,czig768
czimoxe,czig768
cziglrs,czig768
cziglw9,czig768
czj9o7p,cziglw9
czj34p0,cziglw9
czitklc,cziglw9
cziqw2m,cziglw9
czipgyg,cziglw9
czipemc,cziglw9
czioyxy,cziglw9
czirbh5,cziglw9
czijg3r,cziglw9
czigsby,cziglw9
czja43p,czigsby
czihvov,czigsby
cziijbl,czigsby
czigr43,cziglw9
czigxd1,cziglw9
czinxf0,czigxd1
czimu02,czigxd1
cziiinf,czigxd1
cziijsv,czigxd1
cziicpk,czigxd1
cziigvh,czigxd1
cziig0g,czigxd1
czinabo,cziig0g
czinm2u,czinabo
czimmg5,cziig0g
czihlk4,czigxd1
czii8fg,czihlk4
czio6qe,czii8fg
czijkym,czii8fg
czijra3,czijkym
czij7fb,czii8fg
cziicms,czigxd1
cziuum3,cziicms
czii2ql,czigxd1
czio2nz,czii2ql
czihgzj,czigxd1
czihhtk,czihgzj
czis5l2,czihhtk
czil2st,czihhtk
czijpr9,czihhtk
cziiiyv,czihhtk
czilkup,czihhtk
cziid9z,czihhtk
czipdmq,cziid9z
cziq1ps,czipdmq
cziqda5,cziq1ps
czijgaa,cziid9z
czijgyy,cziid9z
czipyfx,czijgyy
czimxhh,czijgyy
czim34x,czijgyy
czj6a84,czim34x
czjd5vg,czj6a84
czix8i0,czim34x
czimbdf,czim34x
czitstt,czimbdf
czimdgi,czimbdf
cziim73,czihhtk
czii4ll,czihhtk
cziwqp0,czii4ll
czj1ifp,czii4ll
cziq0nr,czii4ll
cziqp95,czii4ll
czioe8m,czig6fn
czinepm,czig6fn
czilwjc,czig6fn
czil98z,czig6fn
czik59e,czig6fn
czijiyr,czig6fn
czijiqu,czig6fn
cziqvjf,czig6fn
czijhrv,czig6fn
czij9br,czig6fn
czij96m,czig6fn
czil4no,czig6fn
czikati,czig6fn
czika26,czig6fn
cziivr0,czig6fn
czint67,czig6fn
czinwyd,czint67
cziis9w,czig6fn
czihli8,czig6fn
czih3dz,czig6fn
cziind9,czih3dz
czij6y8,cziind9
czik3l5,czij6y8
czise84,czih3dz
czipkt7,czih3dz
czipk8l,czih3dz
cziiodg,czih3dz
czijahh,cziiodg
czihg2w,czih3dz
czj8wlr,czihg2w
czims1p,czihg2w
czil9xv,czihg2w
cziijxm,czihg2w
czijw07,czihg2w
cziismd,czihg2w
czijfpx,cziismd
cziia06,czihg2w
cziiobm,cziia06
czijov0,cziiobm
czik2mu,czijov0
czikjfg,czik2mu
czilbzg,czikjfg
czimdcs,cziiobm
czin3da,czimdcs
czijeou,cziiobm
czind6q,cziiobm
czik5qn,cziiobm
czijeo0,cziiobm
cziisq4,cziiobm
czij4vf,cziisq4
czijlo0,czij4vf
czij0a9,cziia06
cziqvjk,czij0a9
czinaq4,czij0a9
cziscpi,cziia06
czj871c,cziia06
czj5kee,cziia06
czipdx8,cziia06
cziqa71,czipdx8
czipth1,cziia06
czin1b2,cziia06
czin2bp,cziia06
cziks7f,cziia06
czihlgy,czig6fn
czitfo7,czihlgy
czinrj3,czihlgy
cziixxs,czihlgy
czijtvr,czihlgy
czimz9z,czihlgy
cziih9o,czihlgy
cziiy9z,cziih9o
czij0bi,cziiy9z
czij367,czij0bi
czij4xk,czij367
czilptb,cziih9o
czil22k,cziih9o
czij2wr,czihlgy
cziwp58,czij2wr
czinnaw,czij2wr
czio8yw,czinnaw
czisymd,czio8yw
czjg920,czisymd
czimncx,czij2wr
czimx6p,czimncx
czj5q7q,czimx6p
czih7ta,czig6fn
cziqa07,czih7ta
czijkfx,czih7ta
cziiolw,czih7ta
czijb34,czih7ta
czii06i,czih7ta
czijwx0,czii06i
cziiztc,czii06i
cziivmh,czii06i
cziit1h,czii06i
cziijk2,czii06i
czivzod,czii06i
cziijyp,czii06i
cziiznt,czii06i
czikwsb,czii06i
cziiggt,czii06i
cziihht,cziiggt
czijbxa,cziihht
czj1buq,czii06i
czijf8b,czii06i
czij0nb,czii06i
cziio6s,czii06i
czik75m,cziio6s
cziqvky,cziio6s
czio05l,cziio6s
czipc78,czio05l
czin6nn,cziio6s
czike51,cziio6s
czij6ho,cziio6s
czijoph,cziio6s
czir9eg,cziio6s
czikyfb,cziio6s
czij3uv,cziio6s
czij61q,czij3uv
czij5jk,cziio6s
czij11b,czih7ta
cziio8w,czih7ta
cziilaa,czih7ta
czij5tu,czih7ta
czii2is,czih7ta
czijtef,czii2is
czijkxv,czii2is
czikxqz,czii2is
cziit8q,czii2is
czjf149,cziit8q
czj976j,cziit8q
czijms8,cziit8q
czimzad,czijms8
czik462,cziit8q
czijtbr,cziit8q
cziq3s0,czijtbr
czimtey,czijtbr
cziktb4,czijtbr
czil3qa,czijtbr
czinonx,czil3qa
czj9ckp,czil3qa
cziygid,czil3qa
czite60,czil3qa
cziq83h,czil3qa
cziqmfm,czil3qa
cziir9t,czih7ta
czijrvb,cziir9t
czillrq,czijrvb
czin88o,czillrq
czimypy,cziir9t
czijd10,cziir9t
czijmc1,czijd10
czijvwr,czijmc1
cziljol,czijvwr
czivp8e,czijd10
czikqd2,czijd10
czijq2n,czijd10
czijvs4,czijq2n
czilje9,czijvs4
czijp8d,czijd10
czik6c7,czijp8d
cziq0o8,czik6c7
cziu6up,cziq0o8
czja93r,cziu6up
czir4ba,cziq0o8
czir6i7,czir4ba
czir7hh,czir6i7
czja4ws,czir7hh
czjerzh,czja4ws
czk2siw,czjerzh
czijso5,czijp8d
czilaii,czijso5
czijvjy,czijso5
czil702,czijvjy
czim1b3,czijvjy
czirjg2,czim1b3
czij2sm,cziir9t
czijo3j,cziir9t
czilayg,cziir9t
czim2fo,czilayg
cziko2t,cziir9t
czinafj,cziko2t
czil8xe,cziir9t
czipkel,czil8xe
czis2km,czil8xe
czisuol,czis2km
czix4qp,czisuol
czixsys,czix4qp
cziihnp,czih7ta
czip38o,cziihnp
czioxj4,cziihnp
czinvwx,cziihnp
czijvz7,cziihnp
czinh0c,cziihnp
czinakj,cziihnp
czin0h1,cziihnp
czilwmw,cziihnp
czikjoe,cziihnp
czil6c4,czikjoe
czile0x,czil6c4
czinlqt,czile0x
czikrg7,cziihnp
czikxxw,cziihnp
czikqcq,cziihnp
czijaou,cziihnp
czilufl,czijaou
czijqm1,czijaou
czikdpp,czijaou
cziq2fl,czijaou
czijnlj,czijaou
czilgse,czijnlj
czij4pp,cziihnp
czisjh3,czij4pp
czioi6b,czij4pp
czimdu9,czij4pp
czijyq3,czij4pp
czijwnq,czij4pp
czipms0,czijwnq
czitg9z,czijwnq
czil6zs,czijwnq
cziml15,czil6zs
czinh7q,cziml15
cziuv8j,cziml15
cziv59r,cziml15
czilpog,czijwnq
czim66q,czilpog
czimyan,czim66q
czin67y,czimyan
cziq54n,czin67y
czim80y,czim66q
czinl4c,czim80y
czik1hz,czijwnq
czikewb,czik1hz
cziksq2,czikewb
czikvob,cziksq2
czilxoz,czikvob
czim7r9,czijwnq
cziouso,czim7r9
czimm25,czim7r9
czijfrn,czig7dk
czj9ai6,czig7dk
czj8fku,czig7dk
czj7r7k,czig7dk
czj5nzc,czig7dk
czj2pnj,czig7dk
czivwmw,czig7dk
czivnc7,czig7dk
czivjk2,czig7dk
czivgq2,czig7dk
cziqcap,czig7dk
czijc3e,czig7dk
cziijba,czig7dk
cziiise,czig7dk
cziign4,czig7dk
cziov15,czig7dk
czikpcm,czig7dk
cziidcz,czig7dk
czihtof,czig7dk
cziguew,czig7dk
czimisu,cziguew
czj68kb,cziguew
czizog6,cziguew
cziqdm3,cziguew
czioa8p,cziguew
czinvht,cziguew
czilsvm,cziguew
czioa7c,czilsvm
cziiify,cziguew
czio90r,cziiify
czihyzd,cziguew
czioygc,czihyzd
czip1h9,czioygc
czil1l9,cziguew
czilc1n,czil1l9
cziid4b,cziguew
czii1n0,cziguew
czih0ww,cziguew
czim78y,czih0ww
czimwez,czim78y
czir3gw,czih0ww
czikag8,czih0ww
czijqxs,czih0ww
czj0l3p,czijqxs
czj4bhs,czj0l3p
czii0ko,czigooc
czijymr,czigooc
czioaxt,czijymr
cziiiuo,czigooc
cziig28,czigooc
cziiub5,cziig28
cziizpy,cziiub5
cziiyog,cziig28
czijky7,cziig28
cziqumm,cziig28
cziq09q,cziig28
czijlup,cziig28
cziv6p0,cziig28
czinrd0,cziig28
czj2pl3,czinrd0
czj3w20,czj2pl3
czimety,cziig28
cziml0v,czimety
cziiryo,cziig28
cziixqx,cziiryo
czik4i8,cziixqx
czilo08,czik4i8
czilral,czilo08
czim1zm,czilral
cziiuh9,cziiryo
czijbzs,cziiuh9
czij7we,cziig28
cziq5yb,czij7we
czijmc9,cziig28
czijhcm,cziig28
czijm0k,cziig28
czil4m8,czijm0k
czilmbo,czil4m8
czim5m4,czilmbo
czimkym,czim5m4
czins60,czimkym
czio1yp,czins60
czijnha,cziig28
cziiaiw,czigooc
czijewa,cziiaiw
czijhh2,czijewa
czimiqg,cziiaiw
czims3a,cziiaiw
cziix7o,cziiaiw
czihpkr,czigooc
cziigna,czihpkr
czik1af,cziigna
czio3et,cziigna
czijao3,cziigna
cziitpb,cziigna
cziiw4d,cziitpb
czij4ov,cziiw4d
czij5z9,czij4ov
czijg35,czij5z9
czij0d6,cziiw4d
cziisnd,cziigna
cziiwd5,cziisnd
czij4aq,cziigna
cziy3j6,czij4aq
czinxmg,czij4aq
czil9ql,czij4aq
czikv7y,czij4aq
czijn5x,czij4aq
czijo5n,czijn5x
cziky8w,czijo5n
czil84e,czij4aq
czilcyg,czil84e
czijt1g,czij4aq
czipa30,czijt1g
czivvfx,czipa30
czitk15,czipa30
czil9cy,czij4aq
cziigpb,czihpkr
cziipv6,cziigpb
czijtg7,cziigpb
czijxe7,czijtg7
czik0pb,czijxe7
czik6ct,czik0pb
czimkoc,czik6ct
czij6ji,cziigpb
czijual,cziigpb
cziistg,cziigpb
czijopv,cziistg
czik66g,czijopv
czin0ne,cziistg
cziki9x,cziistg
czijl3q,cziistg
czikbvd,czijl3q
czikx72,czikbvd
cziyr94,czikx72
czims1l,czikx72
czikqcx,cziistg
czj43ew,czikqcx
czj7z2f,czj43ew
cziqqrv,czikqcx
czin0j4,czikqcx
czioa13,czikqcx
cziui7k,czioa13
czj1e0w,cziui7k
czj7nsi,czj1e0w
czij7v3,cziigpb
cziz1c5,czij7v3
czizctx,cziz1c5
czjoabp,czij7v3
cziiked,czigooc
czijmxz,cziiked
czijbxz,cziiked
czikk75,cziiked
czikhc7,cziiked
czikaet,cziiked
czik6cs,cziiked
czijjvp,cziiked
czijdyf,cziiked
czijdv1,cziiked
czijwru,cziiked
czijkfw,cziiked
czimb2s,czijkfw
czinghs,czimb2s
czinwsa,czinghs
cziiuv7,cziiked
czik7f5,cziiked
czil4jr,czik7f5
czijvvq,cziiked
czil2qm,czijvvq
czilxeb,czil2qm
cziuy7w,czilxeb
cziv6i7,cziuy7w
czill7c,czijvvq
czijksb,cziiked
cziin4e,cziiked
czimymb,cziin4e
czikiw7,cziin4e
cziipcp,cziin4e
czij041,cziipcp
czijlkt,cziin4e
czijzdb,cziin4e
czitftq,czijzdb
cziq9i3,czijzdb
czik3hh,czijzdb
czijfw4,cziiked
czinuur,czijfw4
czin69t,czijfw4
czimiqt,czijfw4
czim50h,czijfw4
czilmyn,czijfw4
czikuy1,czijfw4
czimbmo,czikuy1
czijqj8,czijfw4
czilbwd,czijqj8
czikx51,czijqj8
czilltu,czijfw4
cziwi1v,czilltu
czj11mj,cziwi1v
czilccu,czijfw4
czimdfs,czilccu
czinzk5,czijfw4
cziknr7,czijfw4
czijx8q,czijfw4
czissx2,czijx8q
czixkxl,czissx2
czikw8k,czijx8q
czikut0,czijx8q
czikra5,czijfw4
czilmz6,czijfw4
czikmcg,czijfw4
czilji8,czikmcg
cziogth,czilji8
czim99i,czilji8
czitbhk,czim99i
czit3hd,czilji8
czimk1x,czilji8
czilvip,czilji8
czimo0l,czilvip
czimrqa,czimo0l
czimxbn,czimrqa
czin7a1,czimxbn
czindbz,czin7a1
czinksi,czindbz
czilyi6,czilvip
czimdq7,czilyi6
czilvcb,czilji8
czimhy1,czilvcb
czimls5,czimhy1
cziog5n,czikmcg
czimvfc,czikmcg
czipiyw,czikmcg
czio6sh,czikmcg
cziu10q,czikmcg
czilb3t,czikmcg
cziq1zy,czilb3t
czipr5n,czilb3t
czioyj8,czilb3t
czilnrz,czilb3t
czimc7s,czilnrz
cziml99,czimc7s
czin45r,czilnrz
czja64o,czin45r
czingap,czilb3t
czilvq2,czilb3t
czinwrn,czilvq2
czinwsm,czilvq2
czj0x6y,czilvq2
czivm8s,czilvq2
czivkc5,czilvq2
cziuavw,czilvq2
czj3ud1,cziuavw
czitfr8,czilvq2
cziqggw,czilvq2
cziq7b8,czilvq2
czipbpi,czilvq2
czip3to,czilvq2
czinw5d,czilvq2
czim0rf,czilvq2
czipvhv,czim0rf
cziuh1w,czim0rf
cziolng,czim0rf
czim37i,czim0rf
czimhpz,czim37i
czimn7j,czimhpz
czimz60,czimn7j
czin052,czimz60
czinebq,czin052
czinpa9,czinebq
czinyww,czinpa9
czios91,czinyww
czip6ek,czios91
czipb4c,czip6ek
czio4tf,czinyww
czim317,czim0rf
czjk2l8,czim317
cziphvg,czim317
czipf17,czim317
cziofd3,czim317
czip6n9,cziofd3
czipgtb,czip6n9
czipftc,czip6n9
cziptg3,czipftc
cziunme,czim317
czindj8,czim317
czio574,czindj8
czipqfn,czio574
czijhzp,czigc53
czij7ew,czigc53
czij5lk,czigc53
czij5b3,czigc53
czj53q2,czigc53
cziky9k,czigc53
czijjnt,czigc53
cziinqx,czigc53
czil4ry,czigc53
cziiby1,czigc53
cziipcd,czigc53
czilvdo,cziipcd
czijt01,cziipcd
czillbu,czijt01
czily6y,czillbu
czijoss,cziipcd
czilhox,czijoss
czii25c,czigc53
czin31g,czii25c
czip5v8,czin31g
czinpvc,czin31g
czioflt,czinpvc
cziif0a,czigc53
czih71d,czigc53
cziwnzo,czih71d
cziwrux,cziwnzo
czimdtw,czih71d
czii93c,czih71d
cziid34,czii93c
cziixyw,cziid34
czijs6c,cziixyw
czijtu8,czijs6c
czij4nl,cziixyw
czijwjt,czij4nl
czijubu,czij4nl
czijvgt,czijubu
czijywc,czijvgt
czir1c6,cziid34
czikywp,cziid34
czikwk7,cziid34
cziio2b,cziid34
cziirgi,cziio2b
cziitc7,cziirgi
cziiwyg,cziitc7
czijcoh,cziiwyg
cziksf5,cziid34
czio1f6,cziksf5
czinon5,cziksf5
czin2s6,cziksf5
czir285,cziksf5
czioo8k,cziksf5
czinb4s,cziksf5
czimhb3,cziksf5
czimusr,cziksf5
cziras8,cziksf5
czin0l0,cziksf5
czimlhd,cziksf5
czilc02,cziksf5
czim4i1,czilc02
czildfg,czilc02
czim724,czildfg
czipwtu,czim724
czinpbv,cziksf5
czin887,cziksf5
czim8ss,cziksf5
czimaqp,cziksf5
czil05c,cziksf5
czincvr,czil05c
czim31r,cziksf5
czimi8k,cziksf5
cziwyv3,czimi8k
czja0w5,cziwyv3
czime1i,cziksf5
czipqpi,czime1i
czjfww3,czipqpi
czjhaa1,czjfww3
czihqgr,czig894
czihqff,czig894
czihn81,czig894
czihjgb,czig894
czihdhw,czig894
czihbju,czig894
czihbjq,czig894
czigqqf,czig894
czigfx5,czig894
czigq8l,czigfx5
czigupz,czig894
czihpt3,czig894
czihooh,czig894
cziii2s,czig894
cziht4r,czig894
czihom2,czig894
czigni5,czig894
czihupl,czigni5
czii2bm,czihupl
cziiprh,czii2bm
czijhil,cziiprh
czii81a,czigni5
cziioqa,czii81a
cziig9c,czigni5
czk3so3,czigni5
czj105r,czigni5
czj47yk,czj105r
czizlzo,czigni5
cziufn3,czigni5
czip05n,czigni5
czimj52,czigni5
czimi88,czigni5
czimeus,czigni5
czilfmc,czigni5
cziuug5,czilfmc
czj2a52,cziuug5
czii72f,czigni5
czimgm1,czigni5
czikkr9,czigni5
czihnnd,czigni5
czj1jep,czihnnd
czijy5k,czihnnd
czimity,czijy5k
czirq59,czimity
czis1nv,czirq59
czijwh8,czihnnd
czijxm5,czijwh8
czijzxg,czijxm5
czikxnu,czijwh8
czikzyz,czikxnu
czigyxw,czigni5
czimdgz,czigyxw
czikdkl,czigyxw
czikwiw,czikdkl
czillq7,czikdkl
czin33e,czillq7
czimf8t,czillq7
czikiuc,czigyxw
cziicl1,czigyxw
czigheq,czig894
czigllr,czigheq
czign49,czigllr
czigrss,czign49
cziglxf,czigheq
czih5wy,cziglxf
czih8ug,cziglxf
cziht40,czih8ug
czihvjy,cziht40
czihyvl,czihvjy
czila0q,czihyvl
czin61i,czila0q
czii15y,czihyvl
czs9y04,czii15y
czs9z93,czs9y04
czimxg1,czii15y
czin0de,czimxg1
czint79,cziht40
cziip33,cziglxf
cziiko2,cziglxf
czigs0s,cziglxf
cziihlk,czigs0s
czihklf,czigs0s
czihxmh,czigs0s
czigtcz,czigs0s
czih643,czigtcz
czihadp,czih643
czih9ff,czih643
cziiv43,czigtcz
czihkvg,czigtcz
czih639,czigtcz
czih528,czigtcz
czimmut,czih528
czikwh7,czih528
czii7av,czih528
czii8yl,czih528
czihtg5,czih528
czih8nk,czih528
cziiy9k,czih8nk
czijspi,cziiy9k
czihc5v,cziglxf
czivplq,czihc5v
cziov3z,czihc5v
czike3q,czihc5v
czil05r,czike3q
czivq5w,czil05r
czimk7n,czil05r
cziml2g,czil05r
czipwa3,cziml2g
czjc8ii,czipwa3
czighik,czig894
czivevh,czighik
czimxfj,czighik
czik9ud,czighik
czinivg,czighik
czinebp,czighik
czikv1f,czighik
czikyxk,czighik
cziibqj,czighik
czighrz,czig894
cziojy6,czighrz
czioakz,czighrz
czinviq,czighrz
czimof8,czighrz
czim6vc,czighrz
czilna2,czighrz
czil6mu,czighrz
czikc9s,czighrz
czik6rc,czighrz
czij46e,czighrz
czij3rc,czighrz
czij1tx,czighrz
cziims9,czighrz
cziii0g,czighrz
czijnbm,czighrz
czii8qc,czighrz
cziiyy5,czii8qc
czigsmr,czighrz
czij9l5,czighrz
czii2t5,czighrz
czigtdj,czighrz
cziik3d,czigtdj
cziiiol,czigtdj
czilplo,cziiiol
cziigpn,czigtdj
cziiedh,czigtdj
cziidg9,czigtdj
czii8id,czigtdj
czih9hp,czigtdj
czii6u4,czih9hp
cziimau,czii6u4
cziidd9,czih9hp
cziiprt,cziidd9
cziio4c,cziidd9
czii7di,czih9hp
cziibgt,czigtdj
czii3do,czigtdj
cziiohn,czii3do
czikmwz,cziiohn
cziiihg,czigtdj
czii8gd,czigtdj
czigv6r,czigtdj
cziu7s1,czigv6r
cziy8ld,czigv6r
czim7pp,czigv6r
czilsde,czigv6r
cziif0z,czigv6r
czil262,czigv6r
czii411,czigv6r
czijait,czigv6r
cziljil,czijait
czijmwq,czijait
czigwv0,czigv6r
cziioxj,czigwv0
cziiux8,czigwv0
czijw28,cziiux8
czihrau,czigwv0
cziwnrs,czihrau
cziktea,czihrau
cziit8x,czihrau
czik6na,cziit8x
czik8u6,czik6na
czikb04,czik8u6
czikm77,czikb04
czikzzg,czikm77
cziju98,cziit8x
czikbij,czihrau
czii3ua,czihrau
czij1rp,czii3ua
czj5rw8,czii3ua
czj1m3f,czii3ua
cziqbb6,czii3ua
czinlvo,czii3ua
czilfuh,czii3ua
czikqv6,czii3ua
czikjni,czii3ua
czijib2,czii3ua
cziji4e,czii3ua
czijb1r,czii3ua
czikvus,czii3ua
czijhu0,czii3ua
czij3s6,czii3ua
cziiwei,czii3ua
czii5n1,czii3ua
czilpbw,czii5n1
czijik2,czii5n1
cziiucd,czii5n1
czijbun,cziiucd
czikllk,czijbun
cziiksr,czigwv0
cziubbn,cziiksr
czit5yi,cziiksr
czimw64,cziiksr
czir9nr,czimw64
cziqslv,cziiksr
cziy7d2,cziqslv
cziyynn,cziy7d2
czj05fs,cziyynn
cziq6nh,cziiksr
czildpj,cziiksr
czildce,cziiksr
czij7n9,cziiksr
czijq0w,czij7n9
czim90n,czijq0w
czimdhp,czim90n
czind9m,czim90n
czipc9o,czind9m
czitofv,czind9m
czigi25,czig894
czijjjj,czigi25
czika0v,czigi25
cziiqr2,czigi25
czithlf,czigi25
czij28i,czigi25
czikuqn,czigi25
czipk2a,czigi25
cziizsn,czigi25
cziodwx,czigi25
czio91y,czigi25
czigqh6,czigi25
cziiovf,czigqh6
czip5e2,czigqh6
czir9xz,czip5e2
czimfvg,czigqh6
cziivb0,czigqh6
czixyzy,cziivb0
cziphh5,cziivb0
cziqeee,cziivb0
czioqp3,cziivb0
czijc8a,cziivb0
czigda7,czig894
czlyqkk,czigda7
czlz9bo,czlyqkk
cziwode,czigda7
cziliop,czigda7
cziir64,czigda7
czj9aag,czigda7
czipqza,czigda7
cziwbfr,czipqza
czio271,czigda7
cziidhe,czigda7
czilf94,cziidhe
czikq18,cziidhe
czim9ir,czikq18
czimunx,czim9ir
czijpm2,cziidhe
czinsiu,czijpm2
czij0oc,cziidhe
cziwxor,czij0oc
czizrz7,cziwxor
czj6co7,czizrz7
czj5sbf,cziwxor
czj6c1s,czj5sbf
czikrw8,cziidhe
czikg4t,cziidhe
czim1w6,czikg4t
cziiz0l,cziidhe
czipgt0,cziiz0l
czios7t,cziiz0l
czima4t,cziiz0l
czimjob,czima4t
czigoxh,czigda7
czij5t9,czigoxh
cziwcho,czij5t9
cziskqe,czigoxh
cziiatd,czigoxh
cziiapy,czigoxh
czik4ds,czigoxh
czikx1o,czigoxh
czj7hp7,czikx1o
czigt3n,czigoxh
cziguru,czigt3n
czigwrr,cziguru
czigxho,czigwrr
czihcse,czigxho
czinu1d,cziguru
czih2d0,cziguru
czimui9,czih2d0
cziilwf,cziguru
czih126,cziguru
cziiq72,czih126
czii9wl,czih126
czikmr2,czih126
czih9m2,czih126
czih6pb,czih126
cziotu3,czih6pb
czijn7o,czih6pb
czilstf,czijn7o
czije7t,czih6pb
czik2qe,czih6pb
czioasn,czik2qe
czilwr3,czik2qe
czil4lm,czih6pb
czih8g8,czih6pb
czjbgb4,czih8g8
czj270s,czih8g8
czilrfr,czih8g8
czixb0r,czilrfr
czisyy3,czih8g8
czihnle,czih8g8
czilahf,czih8g8
czix9j6,czilahf
czihd5r,czih8g8
cziigc8,czihd5r
czim8oz,cziigc8
czimf7r,czim8oz
czihj6i,czih8g8
cziif1e,czihj6i
cziieqy,czihj6i
cziibr2,czihj6i
cziiq5w,cziibr2
czil8jz,cziiq5w
czihfa3,czih8g8
czinsoy,czihfa3
czim0ax,czihfa3
czinl2l,czim0ax
czis48x,czihfa3
cziimry,czihfa3
czijgcy,cziimry
czijuut,czijgcy
czijwxd,czijuut
czij8y0,cziimry
czj1rhl,cziiq54
czjddov,cziiq54
czizy47,cziiq54
czj0bex,czihbus
czire0r,czihbus
czipy6j,czihbus
cziocu0,czihbus
czike4p,czihbus
czik62p,czihbus
czj1zls,czihbus
czin8xp,czihbus
czit2g1,czin8xp
czikrk9,czihbus
cziilzo,czihbus
czimmfv,czihbus
cziigli,czihbus
czikazs,czihbus
cziiwa9,czihbus
czihv5h,czihbus
czijlam,czihv5h
cziimew,czihv5h
czijdnb,cziimew
czilej1,czihv5h
czil8gs,czihv5h
czimne3,czil8gs
czimd1i,czil8gs
cziu7k1,czimd1i
cziinvu,czihv5h
cziocrd,cziinvu
czitf1k,cziocrd
cziii6x,czihbus
czioicr,cziii6x
czio28p,cziii6x
czijmg6,cziii6x
cziq0q2,czijmg6
cziq1zk,cziq0q2
cziildf,cziii6x
cziila4,cziii6x
czikvso,cziila4
czil8yr,czikvso
cziil4p,cziii6x
cziow0p,cziil4p
czioiec,cziil4p
cziobpu,cziil4p
czinj8v,cziil4p
czin6nb,cziil4p
czin0rr,cziil4p
czim8q4,cziil4p
czikp4b,cziil4p
cziknnk,cziil4p
czikbpm,cziil4p
czijwih,cziil4p
czijijm,cziil4p
czio59o,cziil4p
czinz4o,cziil4p
czijkx8,cziil4p
czijee8,cziil4p
czij3p0,cziil4p
czimmhf,cziil4p
czijadm,cziil4p
czijthc,czijadm
cziiset,cziil4p
czil5ek,cziiset
czilsmv,czil5ek
czilwf5,czilsmv
czimdbz,czilwf5
czime2l,czimdbz
czj7uc6,czime2l
czioyx1,czilwf5
cziqon4,czioyx1
czir569,cziqon4
czijqk2,cziiset
czimcuq,czijqk2
czimnai,czimcuq
czimt6u,czimnai
cziqlz4,czimt6u
cziqmsi,cziqlz4
cziinqk,cziil4p
czijsr6,cziinqk
czjf3qb,cziinqk
czim82s,cziinqk
czim9xj,czim82s
czilvqz,cziinqk
czil4d0,cziinqk
czilxo6,czil4d0
czimdvv,czilxo6
czijeqp,cziinqk
czil77e,czijeqp
czik3ib,czijeqp
czikpt3,czik3ib
cziky1l,czikpt3
czik76l,czik3ib
czikz69,czik76l
czjabxz,czikz69
czjf4op,czjabxz
czjgpqs,czjf4op
czijnv8,czijeqp
czil113,cziinqk
czik537,cziinqk
czij7f7,cziinqk
czik6jd,czij7f7
czj4r1q,czij7f7
czivrxi,czij7f7
cziqbt0,czij7f7
czinajs,czij7f7
czikawe,czij7f7
czikduu,czikawe
cziklhb,czikduu
czikqcn,cziklhb
cziky9y,czikqcn
czipp6j,czij7f7
czim5m3,czij7f7
czikb1p,czij7f7
czil1af,czikb1p
czijf25,czij7f7
czj96x9,czijf25
czjelad,czijf25
czimpw9,czijf25
czikq9m,czijf25
czijkos,czijf25
czijl58,czijkos
czilmgo,czijl58
czim0xc,czilmgo
czimjy9,czim0xc
czijzki,czijl58
cziyzl1,czih982
czio4b6,czih982
czip4ym,czih982
czij5ts,czih982
czit7ow,czij8ps
cziqj4t,czij8ps
czip93l,czij8ps
czj5hn4,czij8ps
czipf9k,czij8ps
czio312,czij8ps
czinx1x,czij8ps
cziolrm,czij8ps
czinmln,czij8ps
czimsf6,czij8ps
czik1ld,czij8ps
cziqfw6,czij8ps
czil4af,czij8ps
czihvul,czihak6
cziilzg,czihvul
cziin2b,cziilzg
czitu04,cziin2b
czinjvg,cziin2b
czinsrs,czinjvg
czilxoa,cziin2b
czildog,czihvul
czilqa9,czildog
czilxhg,czilqa9
czim8xw,czilxhg
czinuwl,czim8xw
czip3t7,czinuwl
czile3b,czihak6
czimwgy,czihak6
czinvog,czihak6
czilfyp,czihak6
czisswq,czihak6
cziy0k5,czisswq
czipd97,czihak6
czinmab,czihak6
cziiaik,czihak6
czikjh8,czihak6
czilcnd,czihak6
czimdnl,czilcnd
czikv4c,czihak6
czinij8,czikv4c
czinr1e,czikv4c
czim3mq,czihak6
cziu9bj,czim3mq
cziphjb,czim3mq
czipdpe,czim3mq
cziq2b9,czipdpe
cziqa2t,cziq2b9
cziub6y,cziqa2t
czijhes,czig8pi
czij0q9,czig8pi
czigllo,czig8pi
czijglq,czigllo
cziiwth,czigllo
cziiels,czigllo
czihmh4,czigllo
czihqay,czihmh4
cziidmu,czihmh4
cziip1m,cziidmu
czimakf,cziip1m
czij86r,cziip1m
cziimiq,czihmh4
czil768,czigllo
czihxak,czigllo
czih7r1,czigllo
czij5nx,czih7r1
czii221,czih7r1
czilheh,czii221
czikpfd,czii221
czik1ee,czii221
cziing2,czii221
czijcbu,cziing2
cziugfr,czijcbu
czijjr3,czijcbu
czisurk,czigd2k
czipc9u,czigd2k
czil8cw,czigd2k
czij2xs,czigd2k
cziirx6,czigd2k
czipfeq,czigd2k
cziioem,czigd2k
cziiled,czigd2k
cziik10,czigd2k
czila6x,czigd2k
czik8sg,czigd2k
cziifsq,czigd2k
cziij06,czigd2k
czij99x,czigd2k
czil5xd,czij99x
czimo0f,czil5xd
czildxj,czil5xd
cziln70,czildxj
czinydz,cziln70
czihyzf,czigd2k
czim9af,czihyzf
czijtb7,czihyzf
czik5yj,czijtb7
cziio2y,czihyzf
cziijjo,czihyzf
czijqus,cziijjo
czim52m,cziijjo
cziijnq,czihyzf
czikqnd,cziijnq
czijir7,cziijnq
czil4rh,cziijnq
czjfo7f,cziijnq
czimp7k,cziijnq
czijh0c,cziijnq
czikmp6,cziijnq
czik6xq,cziijnq
czij24l,cziijnq
czil57n,czij24l
czileyw,cziijnq
czijc1b,cziijnq
cziitax,cziijnq
czij9ij,cziitax
czik61u,cziijnq
czj0lf7,czik61u
czin3pj,czik61u
czing0c,czin3pj
cziit5m,cziijnq
czihzgn,czigd2k
czihswr,czigd2k
czijtsd,czihswr
cziiyjn,czihswr
czij2mq,cziiyjn
czii83z,czihswr
cziimoz,czii83z
cziiqtt,cziimoz
czijp8i,cziiqtt
czjl9oz,czii83z
czil72r,czii83z
czil9ra,czii83z
czivwdo,czil9ra
czijjyq,czii83z
czj3j9f,czijjyq
czjkhrd,czj3j9f
czk551n,czjkhrd
czjldqq,czjkhrd
cziv93p,czigl1o
czj05fv,cziv93p
czjg7oe,czj05fv
czk7dxd,czjg7oe
cziriv5,czigl1o
czipou6,czigl1o
czipgam,czigl1o
cziox8s,czigl1o
czj03gb,cziox8s
czikm6h,czigl1o
cziiip0,czigl1o
czism3v,czigl1o
czilhmb,czigl1o
czijbuq,czigl1o
czind4s,czijbuq
czikoud,czijbuq
czil2vw,czikoud
czip5ne,czil2vw
cziphc3,czip5ne
czipycz,cziphc3
cziimlv,czigl1o
cziirch,cziimlv
cziiyzy,czigl1o
czinb5n,cziiyzy
czilcm3,cziiyzy
cziihq9,czigl1o
czij59v,cziihq9
czijcud,czij59v
czijjay,czijcud
czikmxd,cziihq9
czij03e,cziihq9
czij67r,czij03e
czjkgor,czij67r
cziled6,czij67r
czijggb,cziihq9
czinqqs,czijggb
czj90xt,czinqqs
czips5h,cziihq9
czinbpd,cziihq9
czit7dn,cziihq9
czijaqy,cziihq9
czik93g,cziihq9
czilh1x,cziihq9
czisq8n,czilh1x
cziuq7z,czisq8n
cziurxf,cziuq7z
czjf88s,czilh1x
czli793,czilh1x
czio5y0,czilh1x
czij7jb,cziihq9
czj67gy,czij7jb
czijcle,cziihq9
czinor3,czijcle
czivwwy,czinor3
cziwipz,czivwwy
czijbtr,cziihq9
cziymt9,czijbtr
cziv9n2,czijbtr
cziv086,czijbtr
czitjly,czijbtr
czimhdq,czijbtr
czimtbh,czimhdq
czis735,czimtbh
czirzu1,czimhdq
cziqpmn,czimhdq
czimwzn,czimhdq
czin35n,czimwzn
czin7b5,czin35n
czir5ud,czin35n
cziortw,czin35n
cziqbkw,cziortw
czioima,czimwzn
czj26ox,czijbtr
czjbd5i,czj26ox
czjbxvf,czjbd5i
czjc6w4,czjbxvf
czjca94,czjc6w4
cziqc1d,czijbtr
czisam7,czijbtr
cziyq28,czisam7
czj14ya,cziyq28
czjfth4,czj14ya
czj1gpl,czj14ya
czji5vm,cziyq28
czjiloi,czji5vm
czip7wi,czijbtr
czims9m,czijbtr
czjfpta,czims9m
czjuusg,czjfpta
czilfhs,czijbtr
cziir2q,cziihq9
czij04c,cziir2q
czimvbc,czij04c
czinluz,czimvbc
cziodfl,czimvbc
cziopuk,cziodfl
czijrda,czij04c
czik24q,czijrda
czik8tz,czik24q
czik9bx,czik24q
czikgw2,czik24q
czilkxx,czikgw2
czj2vk3,czilkxx
czik9vo,czik24q
czilbwt,czik9vo
czijt2v,czijrda
czik34w,czijt2v
czika2y,czik34w
czij9yu,czij04c
czijs24,czij04c
czijuwv,czijs24
czil5q6,czijuwv
czikunw,czijuwv
czil9d1,czikunw
czjdqae,czil9d1
czilp4b,czil9d1
czilvcl,czilp4b
czim2gk,czilvcl
czilzk6,czilvcl
czim1wc,czilzk6
czil6ka,czikunw
czilgf4,czijuwv
cziljq7,czilgf4
czipvpn,cziljq7
czinepe,cziir2q
czinpan,czinepe
czilr9c,cziir2q
czinfos,czilr9c
czimto3,czilr9c
czipeqr,czimto3
czioqpx,czimto3
czisnjk,czioqpx
cziqp9a,czioqpx
cziwspj,cziqp9a
czjny5t,czimto3
czinrwi,czimto3
czioyvp,czinrwi
czipebj,czioyvp
czj0u5d,czimto3
czixv9u,cziir2q
cziznxf,czixv9u
czj10jw,czixv9u
czio36k,cziir2q
czjkr20,czikvym
czjf62r,czikvym
cziuy86,czikvym
cziynxl,czikvym
czipl2n,czikvym
cziqcgi,czipl2n
cziufqj,cziqcgi
czj2go8,czigi1t
cziwrmu,czigi1t
czit5f5,czigi1t
czioxgn,czigi1t
czio705,czigi1t
czimylw,czigi1t
cziljwi,czigi1t
czikktz,czigi1t
czik4zj,czigi1t
cziiwom,czigi1t
cziiqb1,czigi1t
cziiay4,czigi1t
czihfed,czigi1t
czigul2,czigi1t
cziigdi,czigul2
cziode1,cziigdi
cziguip,czigi1t
czj3nr5,cziguip
czilfrd,cziguip
czihw7g,cziguip
czikq30,cziguip
czimui3,cziguip
czihqui,cziguip
czihi6d,cziguip
czios32,czihi6d
czinh5v,czihi6d
czimawz,czihi6d
czii5mx,czihi6d
czikxy4,czii5mx
czihg6k,czigi1t
czj0kjl,czihg6k
czij2p3,czihg6k
czik6hv,czig5d4
czijizx,czig5d4
cziiqj6,czig5d4
cziiozq,czig5d4
cziikpe,czig5d4
cziihxy,czig5d4
cziifdg,czig5d4
cziibcb,czig5d4
cziiafz,czig5d4
czii8uw,czig5d4
czii8ss,czig5d4
czii8hl,czig5d4
czih99p,czig5d4
czii6i6,czig5d4
czijunw,czii6i6
czih54j,czig5d4
czigb4b,czig5d4
cziig1q,czigb4b
czihrej,czigb4b
czig8h3,czig5d4
cziq62k,czig8h3
czigyja,czig8h3
czigppv,czig8h3
czih2m3,czigppv
czilip6,czih2m3
czil6ra,czih2m3
czig85c,czig5d4
czjc806,czig85c
czizmo0,czig85c
cziioyz,czig85c
czigglo,czig85c
czigmk6,czigglo
czik32o,czigglo
czih8b5,czigglo
czihjli,czih8b5
czihugi,czihjli
czii0k7,czihugi
czii6xk,czii0k7
czii88u,czii6xk
cziifi1,czii88u
czig7wr,czig5d4
czikz86,czig7wr
czikbmg,czig7wr
cziinhb,czig7wr
cziii8s,czig7wr
czii7re,czig7wr
czihib4,czig7wr
czigxcu,czig7wr
czigasg,czig7wr
czijahs,czigasg
czijeii,czigasg
cziggbp,czig7wr
czighqf,cziggbp
czigjtf,czighqf
czilshq,czigjtf
czik5hh,czigjtf
czijhgi,czigjtf
czig99v,czig7wr
czipfbt,czig99v
czijk8p,czig99v
cziiw2v,czig99v
cziinxk,czig99v
cziifpr,czig99v
czih7s5,czig99v
czigge3,czig99v
czimrwe,czigge3
cziipf3,czigge3
czij4rt,cziipf3
czij2qr,czigge3
czih84b,czigge3
czipnx5,czih84b
czihyku,czih84b
czihgj9,czigge3
czighn2,czigge3
czip1nb,czighn2
czih30l,czighn2
czihq3i,czih30l
czigllb,czig99v
czijlcu,czigllb
cziwla7,czigllb
czipmk8,czigllb
czil2t8,czigllb
czils7w,czigllb
cziic2o,czigllb
cziino6,czigllb
czii9oq,czigllb
czih6ph,czigllb
czij5wu,czih6ph
cziil79,czih6ph
czijwgo,czih6ph
czihse2,czih6ph
czioe1p,czihse2
czil22i,czihse2
czik0io,czihse2
czij5tv,czihse2
czipaho,czij5tv
czii8p2,czihse2
cziji4f,czihse2
czilqnn,cziji4f
czijgmb,czihse2
cziipb1,czihse2
czii67i,czihse2
czimrh3,czii67i
czipofz,czimrh3
czikcnm,czii67i
czii8ft,czii67i
cziiamh,czii8ft
czigbe3,czig5d4
cziha1v,czigbe3
czihjxv,cziha1v
czihr6f,czihjxv
cziicp2,czihr6f
cziifnd,cziicp2
cziil4n,cziha1v
cziipik,cziil4n
cziiti6,cziipik
czihxq4,cziha1v
czii2rs,czihxq4
czii98q,czii2rs
czihgvr,cziha1v
czihtl4,czihgvr
czihxr9,czihtl4
czihx9t,cziha1v
czii3r6,czihx9t
czijph9,czii3r6
czirhod,czijph9
czikz27,czijph9
czil2ls,czikz27
czil5ih,czil2ls
czil7ly,czil5ih
czilt5s,czil7ly
cziq1iu,czilt5s
czir7ed,cziq1iu
cziso01,czir7ed
czil8yj,czil5ih
czip2vq,czigbe3
czikbil,czigbe3
cziytrp,czigbe3
cziwo4v,czigbe3
cziq4xo,czigbe3
czipc8m,czigbe3
czio5os,czigbe3
czio2cj,czigbe3
czikt7v,czigbe3
czilaho,czigbe3
czikivg,czigbe3
czii9td,czigbe3
czij5y1,czii9td
czijzbh,czigbe3
czijr25,czigbe3
czii0jm,czigbe3
czign4t,czigbe3
czin42t,czign4t
czimw4y,czign4t
cziim79,czign4t
czj2z65,czigl57
cziopl6,czigl57
czikt2v,czigl57
czinonq,czikt2v
czikjgf,czigl57
czil6c3,czikjgf
czilh5m,czifv8a
czileds,czifv8a
czikycu,czifv8a
czijg6r,czifv8a
czijd3b,czifv8a
cziixkb,czifv8a
cziiumn,czifv8a
cziisoz,czifv8a
cziimef,czifv8a
cziijcy,czifv8a
czihxsl,czifv8a
czihz0d,czifv8a
czinx07,czifv8a
czik6q0,czifv8a
czilg2p,czifv8a
czii0jr,czifv8a
czigopk,czifv8a
czihtom,czigopk
czih843,czifv8a
cziita0,czih843
czig6bj,czifv8a
cziizh3,czig6bj
cziiqv2,czig6bj
czijh6z,czig6bj
czigbfj,czig6bj
czjae2p,czigbfj
cziiss3,czigbfj
cziizr4,czigbfj
cziih4s,czifv8a
czja7s5,cziih4s
czile9d,cziih4s
czj0qr6,cziih4s
czioamx,cziih4s
czjj036,cziknqa
czipioi,cziknqa
cziq1la,czipioi
cziu6dz,cziknqa
czj0n0k,cziu6dz
czj1s9h,czj0n0k
cziwcnh,cziu6dz
czimag6,czih09z
czijgil,czih09z
czilgwu,czijgil
czinsc1,czih09z
czilf1g,czih09z
czil1be,czih09z
czikqf7,czih09z
cziko5j,czih09z
czikbeo,czih09z
czik0qm,czih09z
czijwey,czih09z
czjh5pw,czijwey
czilljx,czijwey
czilphi,czih09z
czii9rs,czih09z
czij6uk,czih09z
cziikjs,czih09z
czilhll,cziikjs
czjbgq2,czilhll
czjbsbr,czjbgq2
czii9k7,czih09z
czildqv,czii9k7
czj1y61,czii9k7
czik0tf,czii9k7
czimods,czik0tf
cziq76a,czimods
czihzmh,czih09z
czik7lx,czihzmh
czilrdx,czik7lx
czin0nj,czihzmh
cziodwf,czin0nj
czioibo,cziodwf
czip1uv,czioibo
czipvao,czip1uv
czj5idt,czil8fl
cziph9q,czil8fl
czj6fzi,cziph9q
czj8l1z,czj6fzi
czilwnj,czil8fl
cziz3pr,czil8fl
cziul06,cziihp5
czinmt4,cziihp5
czizmqx,cziihp5
czixru1,cziihp5
czit9ds,cziihp5
czj6577,cziihp5
czilq8o,cziihp5
cziktfp,cziihp5
czimit8,cziihp5
cziks3y,cziihp5
czjjr8q,cziks3y
czj2ogr,cziks3y
czioy5b,cziks3y
cziwt90,czioy5b
czj1j2y,cziwt90
cziuewr,cziks3y
czioxin,czijazl
czijlfn,czijazl
czinqyd,czijlfn
czij7no,czig7gn
czignwg,czig7gn
czihmsu,czignwg
cziij5q,czihmsu
czij2x4,cziij5q
czii8bz,czignwg
czilexc,czii8bz
czihp82,czig7gn
czio1p2,czihp82
cziovae,czio1p2
czigrb0,czig4jj
czii0xt,czigrb0
czii5j0,czii0xt
cziikm5,czii5j0
czihput,czigrb0
czihqmo,czihput
czii8xl,czihqmo
cziifp6,czii8xl
czigsa7,czig4jj
czii974,czigsa7
cziknse,czig4jj
czih6b6,czig4jj
cziglec,czig4jj
czigr46,czig4jj
czih1bp,czigr46
czijnna,czih1bp
czir74d,czih1bp
czihnqz,czigr46
czihs4i,czigr46
czinnxt,czihs4i
czinw8t,czinnxt
czihbuw,czigr46
cziiej1,czihbuw
cziiqab,cziiej1
czigbgf,czig4jj
czihj0j,czigbgf
czign2i,czigbgf
cziglkl,czigbgf
czigpp3,cziglkl
czigswb,czigpp3
czih0em,czigpp3
czihbhp,czih0em
czihpyk,czihbhp
czio1ev,czigpp3
czii5bs,czigpp3
czigvxt,czigpp3
czigui7,czigpp3
czihplv,czigui7
czigfh6,czig4jj
czigfdb,czig4jj
czigteu,czigfdb
cziih2x,czigteu
czimwvw,cziih2x
cziiw6i,cziih2x
czij3o3,cziiw6i
czim8ck,czigteu
czim5fr,czigteu
czigqb6,czig4jj
cziiiq3,czigqb6
czj7tlv,czigqb6
czij5u0,czigqb6
czijbvb,czij5u0
czigavq,czig4jj
czj634y,czigavq
cziprj8,czigavq
czinouc,czigavq
czim19o,czigavq
cziln85,czigavq
czilgrw,czigavq
czik7d7,czigavq
czijwlw,czigavq
czijj9j,czigavq
cziihmv,czigavq
cziha7r,czigavq
czigo2y,czigavq
czijebi,czigo2y
czihe0x,czigo2y
czj3fbh,czihe0x
cziikxx,czihe0x
czigppt,czigavq
czijvba,czigppt
cziior6,czigppt
cziigpg,czigppt
cziicp1,czigppt
czii2xk,czigppt
czihh67,czigppt
czigvnr,czigppt
czip9um,czigppt
czim003,czigppt
czimakh,czim003
czim04v,czim003
czigxup,czigppt
czilgn4,czigxup
czih2jw,czigppt
czio6ej,czih2jw
czimsid,czih2jw
cziloum,czih2jw
czij451,czih2jw
cziiari,czih2jw
czii7bt,czih2jw
czij5av,czii7bt
cziom6b,czio5kc
czioz1x,cziom6b
czign7i,czig0kf
czii8oq,czign7i
cziifbd,czign7i
cziiemu,czign7i
czihox9,czign7i
czigu3g,czign7i
czigq8p,czign7i
czigr8x,czigq8p
cziig74,czigr8x
cziif1s,czigr8x
czihhkb,czigr8x
czigwaf,czigr8x
czigq5f,czign7i
czigqr1,czigq5f
czj2kop,czig0kf
czitbv9,czig0kf
czin6l8,czig0kf
czimy3j,czig0kf
czikz6e,czig0kf
cziko4l,czig0kf
czijumv,czig0kf
cziitve,czig0kf
czilg4y,cziitve
czin6xk,cziitve
czii52z,cziginq
czih6bh,cziginq
cziichc,czih6bh
cziixf8,czih6bh
cziiul5,czih6bh
cziwru6,czih6bh
czio69p,czih6bh
czio1s6,czih6bh
czinxb5,czih6bh
czinvsn,czih6bh
czilcz9,czih6bh
czikadx,czih6bh
czik2ua,czih6bh
czijz70,czih6bh
cziju2z,czih6bh
czij3vu,czih6bh
czij17t,czih6bh
cziiuvh,czih6bh
cziik4o,czih6bh
czii8mp,czih6bh
czihzey,czih6bh
czij67z,czih6bh
czij0oo,czih6bh
cziigez,czih6bh
czijtlj,czih6bh
czijygr,czih6bh
czii63i,czih6bh
cziir07,czih6bh
czihi4v,czih6bh
czij1t3,czihi4v
cziown1,czij1t3
czijb0v,czij1t3
czilybg,czij1t3
czihvrq,czihi4v
cziilei,czih6bh
czj37jo,czifwev
czio5xl,czifwev
czil7ik,czifwev
czikg2m,czifwev
czihjkl,czifwev
czilzi1,czifwev
czij149,czifwev
czihnxn,czifwev
cziieh0,czifwev
czih1w6,czifwev
cziiaem,czih1w6
czig2ir,czifwev
cziiuu5,czifwev
cziile8,czifwev
czin22h,cziile8
czikkdi,cziile8
czigakk,czifwev
czigk0x,czifwev
czihi48,czifwev
czin99y,czifwev
cziqkab,czin99y
czig8em,czifwev
cziihgc,czifwev
czihpit,czifwev
czig14q,czifwev
czihzx5,czig14q
czigr6z,czig14q
czii9on,czig14q
czj619b,czig14q
cziphjf,czig14q
czigabw,czig14q
czild8g,czig14q
czii2od,czig14q
cziokqs,czii2od
czii4y6,czii2od
czigck4,czig14q
czig847,czig14q
czihbij,czig847
czigcgj,czig847
czigt8m,czigcgj
czih36s,czigt8m
cziidwq,czih36s
czih6jy,czih36s
czih9l5,czih6jy
cziil6g,czih9l5
czihpih,czih9l5
cziqgq0,czihpih
czihwvw,czihpih
cziif6j,czigcgj
czij9da,czig847
czk3u8t,czij9da
cziyj7f,czij9da
czigdy4,czig14q
czijay1,czigdy4
czikf2w,czijay1
czigqy4,czifwev
czin606,czigqy4
czijnrn,czigqy4
czihhl6,czigqy4
cziidj3,czihhl6
czik7ij,cziidj3
czikmy5,czik7ij
czil7nm,czikmy5
czinc8r,czil7nm
czikbh7,czik7ij
czikmo8,czikbh7
czikpme,czikmo8
czikyfx,czikpme
czjl515,czikyfx
cziilot,cziidj3
cziimib,cziilot
czijpl9,czihhl6
czii6jl,czihhl6
cziidtc,czii6jl
czijbkj,czigqy4
cziibi1,czigqy4
czihhey,czifwev
czjbqxo,czihhey
czisks5,czihhey
czimqvo,czihhey
cziv4u7,czihhey
czipdw1,czihhey
czilxfd,czihhey
cziixxa,czihhey
czimepc,czihhey
cziiaai,czihhey
cziif10,cziiaai
czitwqd,cziif10
czij68q,cziif10
czil9di,czihhey
czinb8l,czil9di
cziihpf,czihhey
czjpa4k,cziihpf
czimqaj,cziihpf
cziteaw,czimqaj
czig06r,czifwev
czir78l,czig06r
czio00e,czig06r
czin9uo,czig06r
czimg5z,czig06r
czill6u,czig06r
czikxu7,czig06r
czijr9p,czig06r
czij592,czig06r
czij2m4,czig06r
cziio62,czig06r
cziikrk,czig06r
cziib1n,czig06r
czigxgp,czig06r
cziwjby,czigxgp
cziyxjq,cziwjby
cziz94e,cziyxjq
czj2qsz,cziz94e
czigdvf,czig06r
czimee7,czigdvf
czik3do,czigdvf
czik3oo,czigdvf
cziil6b,czigdvf
czigmhy,czig06r
czk5cad,czigmhy
cziw3u0,czigmhy
czivu6b,czigmhy
czisz6i,czigmhy
czithii,czisz6i
czirv74,czigmhy
cziqaft,czigmhy
czipmtg,czigmhy
cziod3q,czigmhy
czinurg,czigmhy
czildvg,czigmhy
czild9s,czigmhy
czikohe,czigmhy
cziik8q,czigmhy
cziiy55,czigmhy
czihhhb,czigmhy
czihgac,czigmhy
czih90n,czigmhy
czikpkj,czih90n
cziihiu,czigmhy
czigvux,czigmhy
cziq6u3,czigvux
czipfi6,czigvux
cziot8z,czigvux
czionz3,czigvux
czionsr,czigvux
czimdu3,czigvux
czilm2b,czigvux
czikyx1,czigvux
czik30z,czigvux
czijxum,czigvux
czisfdy,czigvux
czinz5r,czigvux
czijl5o,czigvux
czijghy,czigvux
czihq0i,czigvux
czihr6w,czihq0i
czihuum,czihr6w
cziirdd,czigvux
czijcqe,czigvux
czih1cs,czigvux
cziouzs,czih1cs
czik6wd,czih1cs
czih26a,czih1cs
czikbti,czih26a
czihhqo,czih26a
czilbdu,czihhqo
czik0hx,czihhqo
czih5za,czih26a
czikfd5,czih5za
czihpov,czih5za
cziu3sq,czihpov
czii38i,czihpov
czikdlx,czii38i
czikk0e,czikdlx
czikgtd,czih5za
czj7o94,czikgtd
czihofx,czih5za
cziyapz,czihofx
czihk7o,czigvux
czihlkx,czihk7o
czilrqd,czihlkx
czililw,czihlkx
czikz08,czihlkx
czikt9a,czihlkx
cziko1o,czihlkx
czikfte,czihlkx
czik42y,czihlkx
czijq7f,czihlkx
czijcu0,czihlkx
czijbib,czihlkx
cziirws,czihlkx
cziiq94,czihlkx
cziioyl,czihlkx
cziiiyy,czihlkx
cziiiky,czihlkx
cziid7w,czihlkx
czijdpj,czihlkx
cziiril,czihlkx
czii64e,czihlkx
czihv0d,czihlkx
czihn3v,czihlkx
cziiguv,czihn3v
cziim32,cziiguv
czijj88,cziim32
cziiysj,czihn3v
czij2b2,cziiysj
czimd9w,czij2b2
czihp1d,czihn3v
czikiws,czihp1d
czikk11,czikiws
czkj667,czikk11
czkjqbj,czkj667
czkk5rn,czkjqbj
czihpw8,czihp1d
cziicna,czihp1d
czimgul,cziicna
cziixcb,cziicna
cziqoas,czikjpo
cziu156,cziqoas
cziqzbq,czikjpo
cziuz23,cziqzbq
cziw7ia,cziuz23
cziqdte,czikjpo
cziqiuy,cziqdte
czixdvl,czikjpo
czit6lw,czikjpo
czir7br,czikjpo
czir6co,czikjpo
czihqxs,czigrpw
czim5kt,czihqxs
czj2xol,czim5kt
czjewcc,czigrpw
czixy7h,czigrpw
czit3q9,czigrpw
czilnpz,czigrpw
czikj1o,czigrpw
czinrma,czigrpw
czileme,czigrpw
czii936,czigrpw
cziir2o,czii936
cziiv2p,cziir2o
cziiwgz,cziiv2p
cziiyjv,cziiwgz
czijo7n,cziiyjv
cziju6d,czijo7n
czij56k,cziiyjv
czilex4,czii936
czj67rg,czigrpw
czimf8a,czigrpw
czijx3s,czigrpw
czijkmk,czigrpw
czii9bj,czigrpw
cziic8j,czigrpw
czilak5,cziic8j
cziitlx,czigrpw
czigys2,czigrpw
czih1p3,czigrpw
cziluv7,czih1p3
czioz7l,czih1p3
czilk56,czih1p3
czio08j,czii8y5
czirraz,czio08j
czismnj,czirraz
czj06gt,czii8y5
czipvd9,czii8y5
czitqyt,czighkx
cziik42,czighkx
czijjdm,cziik42
czijtl3,cziik42
czik2su,czijtl3
czik87t,czik2su
czipgq7,czighkx
czijaja,czighkx
czikc1o,czijaja
czikfd6,czikc1o
czikjce,czighkx
czim3jz,czighkx
cziir18,czighkx
czij84h,czighkx
czj71ry,czij84h
czimldi,czij84h
cziu6l1,czihhb1
czinujd,czihhb1
czij83e,czihhb1
czihs50,czihhb1
czijlk2,czihs50
czijowt,czijlk2
czip7cn,czijowt
czir19p,czip7cn
cziims8,czihhb1
cziwho6,cziims8
czj9n3y,cziwho6
czipp0f,cziims8
cziiiu4,czihhb1
cziihqt,czignuz
czinrhx,cziihqt
czinzdd,czignuz
czjaaq1,czignuz
czikww2,czignuz
czim7xf,czikww2
czimd9n,czim7xf
czins0k,czimd9n
czinyon,czimd9n
cziil01,czignuz
czih1h2,czignuz
czii1z5,czih1h2
czil224,czignuz
czijewb,czignuz
czikmg7,czijewb
czirtgz,cziifo3
czit3xg,czirtgz
czilokb,czigod0
czio669,czilokb
czim1no,czilokb
czimoe9,czim1no
czimtc4,czimoe9
czin5gt,czimtc4
czinrt7,czin5gt
cziw171,czigod0
czin7ia,czigod0
cziikbo,czigod0
cziwwi9,cziikbo
czihx2j,czigod0
czigilm,czig5t9
czii30i,czigilm
czil77s,czii30i
czipk2y,czil77s
czii11j,czigilm
czilnyx,czii11j
czimg4j,czigm0g
cziqvh9,czimg4j
czihjyr,czigm0g
czikyqz,czigm0g
czigwgx,czigm0g
czijmcd,czigwgx
czih3nf,czigwgx
czih3xp,czih3nf
cziha2y,czih3xp
czihgxo,cziha2y
czihiab,czihgxo
czihszx,czihiab
czihtkk,czihszx
czihqts,czihiab
cziht9u,czihqts
czihtce,cziht9u
czihtoe,czihtce
czihctw,czih3xp
czihim0,czih3nf
czihmxa,czihim0
czij1cu,czihmxa
czit3ev,czij1cu
cziikbl,czihmxa
czimqxv,cziikbl
czitjg2,czimqxv
czii036,czigm0g
czixpof,czii036
czirn8j,czii036
czj1onn,czirn8j
cziw305,czirn8j
czii7j1,czii036
czilfld,czih9o8
czinpug,czilfld
cziq3f1,czih9o8
cziinfn,czih9o8
cziis8a,czih9o8
czijph6,cziis8a
czij7le,cziis8a
czij93w,czij7le
czijox1,czij93w
czijtvn,czijox1
czikejn,czijtvn
czil9c7,czijtvn
czinnk2,czil9c7
czinv2y,czinnk2
cziokeu,czinv2y
cziiugb,czih9o8
czj7j2o,cziiugb
czikvbo,cziiugb
czim2bm,cziiugb
czj3ncv,czigvtm
czis92n,czigvtm
czip49v,czigvtm
cziovo0,czigvtm
czioub8,czigvtm
czinfaj,czigvtm
czilrsm,czigvtm
czili4j,czigvtm
czilf0m,czigvtm
czil5pf,czigvtm
czikz45,czigvtm
czikgy4,czigvtm
czijs2c,czigvtm
czijpnk,czigvtm
cziiwjo,czigvtm
czijj2h,czigvtm
czijbe2,czigvtm
cziiwl8,czigvtm
cziivj5,czigvtm
czihc1x,czigvtm
cziimx2,czihc1x
czijxn0,czihc1x
czij1kn,czihc1x
czinqhw,czij1kn
czirhjz,czinqhw
cziwl0c,cziiero
czioboo,cziiero
czikpiw,cziiero
czijnt3,cziiero
czijx1d,czijnt3
czipba4,cziim29
czikn2u,cziim29
cziifw9,cziiek0
czindh0,czigxjy
czj2n33,czindh0
czj3ojo,czj2n33
cziknt9,czigxjy
czij3xp,czigujz
czin8tn,czij3xp
czikcp4,czij3xp
czipvbu,czigujz
czij2m8,czigujz
czinruq,czigujz
czij0f1,czigujz
czil5u2,czij0f1
cziju78,czigujz
czj42pb,cziju78
czihhzd,czigujz
cziinid,czigujz
czkllem,czklbme
czklt3q,czkllem
czihymc,czigdw6
cziivil,czihymc
czijl64,cziivil
cziqkcz,czigdw6
czik55t,czigdw6
czisy5r,czik55t
czii3ci,czigdw6
czitm9q,czigiac
cziiw90,czigiac
czijl9f,cziiw90
czjffih,czijl9f
czih0ux,czigiac
cziifyy,czih0ux
czih2qz,czih0ux
czih8ct,czih2qz
czihdc3,czih8ct
czihkog,czihdc3
cziho1u,czihkog
czii06p,cziho1u
czii2ld,czii06p
czihexj,czihdc3
czihpwb,czihexj
czihjbh,czih0ux
czihxta,czihjbh
czijqel,czih0ux
czih8h8,czih0ux
cziicyr,czih8h8
czii6vl,czih8h8
czil35c,czii6vl
cziwk6q,czil35c
czizfhz,cziwk6q
czijf7x,czii6vl
czil2ij,czijf7x
czil7ja,czil2ij
czilbyo,czil7ja
czilgw8,czilbyo
cziinse,czih8h8
cziiqpa,cziinse
cziiwfc,cziiqpa
czjd5ue,cziinse
czihl4h,czih8h8
czil44i,czigjgu
czinclc,czil44i
czih620,czighhm
cziiq32,czih620
czijn8y,cziiq32
czijsqa,czijn8y
czik3i5,czijsqa
czik7k6,czik3i5
czikjv4,czik7k6
cziko2z,czikjv4
czikt5w,cziko2z
czikux3,czikt5w
czil0dd,czikux3
czil2kk,czil0dd
czil3ks,czil2kk
czil5ru,czil3ks
czil9fl,czil5ru
czilao2,czil9fl
czilcme,czilao2
czildwg,czilcme
czili6y,czildwg
czillol,czili6y
czilo18,czillol
czilon4,czilo18
czilrkk,czilon4
czil0g8,czighhm
cziiasi,czighhm
czigrnm,czighhm
cziml7a,czigrnm
cziin2l,czigrnm
czii9d9,czigrnm
czih8ab,czigrnm
cziheag,czih8ab
czihhs3,cziheag
czih89j,czigive
cziio2p,czigive
czii5oa,czigive
czjm6d6,czigfet
cziokic,czigfet
cziiy21,czigfet
czilacb,cziiy21
cziik2o,czigfet
czipagy,cziik2o
czivb6m,czipagy
czihq2y,czigfet
czik5g6,czihq2y
cziiyl1,czihq2y
czihkvr,czigfet
czijvfe,czigfet
czikt52,czigfet
czip9hz,czikt52
czikknw,czigfet
cziigb1,czify1r
cziicwp,czify1r
czig4dw,czify1r
czihif2,czig4dw
czig7gm,czify1r
czikkyc,czig7gm
czihm1j,czig7gm
czigeba,czig7gm
czih3r5,czigeba
czigowe,czigeba
czigta2,czigowe
czih5k8,czigta2
czih1sr,czigta2
czih2dx,czih1sr
czihgfd,czih2dx
cziibz9,czihgfd
czij7h8,cziibz9
czildgn,czigaaf
cziibb6,czigaaf
cziimcf,cziibb6
czijhki,czigaaf
cziimbg,czigel4
czijqzc,cziimbg
czipokq,czijqzc
czitezk,czipokq
cziixn8,czigel4
cziitsx,czigel4
czih2wz,czigel4
czihxwb,czigel4
czihlb6,czigel4
czih5vg,czigel4
czih30h,czigel4
cziitd4,czigel4
cziihsw,czigel4
cziibi4,czigel4
czih5nb,czigel4
cziih4c,czih5nb
czii6w3,czih5nb
cziop56,czih5nb
czinigj,czih5nb
czilwp0,czih5nb
cziipn1,czih5nb
czino9t,cziipn1
czih6bx,czih5nb
cziikr6,czih6bx
czivfxp,czih6bx
czilqq7,cziiohh
czimj96,czilqq7
czimadi,czilqq7
czij5e9,cziiohh
czijp4p,czijibl
czikcs7,czijp4p
czikl52,czike0u
czikjcf,czike0u
czjhlos,cziocx5
czjhmyh,czjhlos
czikucs,czih7u4
czimv2h,czikucs
czinu1u,czimv2h
czikqur,cziigcg
czikn98,cziigcg
czijjvn,cziir3f
czilgqs,czijjvn
czinwss,czim5mm
czjmvox,czim5mm
cziit38,czig373
czikpur,czig373
czihr0e,czig373
cziik5k,czihr0e
cziizys,cziik5k
cziiz33,czigkok
cziw223,cziti7x
czj0agg,cziw223
czizzwy,cziw223
cziw0nc,czivyf9
czij5yt,czij4mr
czij70p,czij5yt
czikdjf,czikalz
czikd23,czikalz
czikudz,czikd23
czimdsr,czim8ur
cziml4c,czimdsr
czimty4,czimrhx
czinau9,czimty4
cziogpm,czinu8g
czipmjz,czipdl3
czir78p,cziqdre
cziralv,czir78p
czirgcm,cziralv
czirui4,czirgcm
czis046,czirui4
cziqg2x,cziqdre
czivw23,czivvds
cziw2wr,czivw23
czii08u,czihhau
czii3x0,czii08u
czii9da,czii3x0
cziiwos,czii9da
cziizd1,cziiwos
czij7mr,cziizd1
czij97t,czij7mr
cziy590,czij97t
czisanu,czij97t
cziwe3u,czii08u
cziwu5p,cziwe3u
czix5ie,cziwu5p
czixbe9,czix5ie
czixirh,czixbe9
czixzqw,czixirh
cziya8i,czixzqw
cziytoa,cziya8i
czihxz0,czihhau
cziix69,czih8f3
czihgie,czih8f3
cziirni,cziimtk
czip5sz,cziimtk
cziknud,czijdh9
czilupr,cziknud
czim4n2,czilupr
czikf9l,czijs1r
czimmv5,czikf9l
czjjitc,czimmv5
czjkjx4,czjjitc
czikedc,czikc09
czikkh8,czikedc
czikodf,czikkh8
czikrk1,czikodf
czikwxc,czikt7n
czil238,czikwxc
cziowxf,czimghr
czimp2v,czimghr
czio0wg,czinozr
czinskm,czinozr
czio1o1,czinwqu
cziolod,cziokeo
czip2gp,cziolod
czit0te,czip2gp
czj1jgk,czioob6
czje2ke,czj1jgk
czioqfo,czioob6
cziqadc,czipnem
cziqtoq,cziqadc
czivyri,czivxkb
cziw0wk,czivyri
czk9225,cziw0wk
cziy1m0,cziw0wk
czj0rde,cziy1m0
cziwre6,cziwhv1
cziy6z4,czixkcx
czixypu,czixkcx
czixwqk,czixkcx
cziy7f6,czixwqk
czizugf,czizjfn
czj1jfs,czj0z12
czj11ud,czj0z12
czj4b8y,czj470m
czj4uyb,czj4b8y
czj5dcc,czj58pn
czigsdb,czifwc0
czih12l,czigsdb
cziqxfy,czifwc0
czii59a,czifwc0
czig4nj,czifwc0
czig69g,czig4nj
czigawe,czig4nj
cziqunk,czigawe
czih1nm,czifwc0
czj588s,czifwc0
czigag6,czifwc0
czih57u,czifwc0
czim6cq,czifwc0
czikqxa,czifwc0
czijxcv,czifwc0
czifzkt,czifwc0
czigiot,czifzkt
czigk78,czigiot
cziw0g3,czigk78
czj8pyp,cziw0g3
czig25f,czifzkt
cziger6,czig25f
czig1xy,czifzkt
czig5j1,czig1xy
czig7we,czig5j1
czighkg,czig7we
czij8hy,czig7we
czigdtk,czig7we
czigbrx,czig7we
czigevg,czifwc0
czig20n,czifwc0
czigdte,czig20n
cziglyi,czigdte
cziigr3,cziglyi
czigj1e,czig20n
czigriu,czigj1e
cziigt8,czigriu
czihs4k,czig20n
czig76j,czig20n
czih1f3,czig76j
czignwf,czig76j
cziitmu,czii2yt
czijw2z,czii2yt
cziiojb,czii2yt
cziibmm,czih798
czijbao,cziibmm
czivrxy,czijbao
czikr10,czikmhi
cziiw39,czig7fx
czih0mv,czig7fx
czihijt,czig7fx
cziw6j8,czihijt
czigwpk,czig7fx
cziqtmd,czigwpk
czigntl,czig7fx
cziggee,czig7fx
cziglbo,czig7fx
czigg2p,czig7fx
czimx15,czigi2k
czin50t,czimx15
czinb62,czin50t
czikwt3,czigi2k
czih761,czigi2k
czii37d,czih761
cziiawl,czii37d
cziijrj,czii71i
czir8b1,cziijrj
cziwbtz,cziijrj
cziqps2,czii71i
czihy35,czihb7y
cziisoc,czihy35
cziiy5l,cziisoc
cziin3h,czihy35
cziiph1,cziin3h
cziirqh,cziiph1
cziiv0f,cziirqh
cziiw3p,cziiv0f
czij09b,cziiw3p
czij4tt,czij09b
czijaso,czij4tt
czijt74,czijaso
cziimvn,czihy35
cziipvj,cziimvn
cziizyy,cziipvj
czij17r,cziizyy
czir3cx,czij6b6
czij2ix,cziihct
czij3gb,czij2ix
czija5q,czij3gb
cziia11,czigzg4
czii1x5,czigzg4
czijfp3,czii1x5
czijgj0,czijfp3
cziinow,cziilz4
cziis70,cziilz4
czijijg,cziivsd
cziqvq9,czigof5
czj8nsd,cziqvq9
cziihxw,cziht03
cziidzu,czii99t
cziif0r,cziies0
cziipgh,cziilgw
czijo04,cziipgh
cziitdl,cziir81
cziizdv,cziiu2c
czijp8u,cziizdv
czij4c9,czij41d
czij8k8,czij4c9
czij9o4,czij8k8
czijbq7,czij9o4
czim3m4,czijavs
czike3l,czijxd9
czikpgr,czike3l
czik8n4,czik0xv
czikex1,czik8n4
czik95k,czik7ke
cziki4w,czik7ke
czikk88,czikf9n
czikjex,czikf9n
czikjc0,czikg6b
czilcyr,czil640
czilrsc,czilcyr
cziltko,czilrsc
czilg7s,czilev6
czimauw,czilzlt
czim67v,czilzlt
czimibk,czimacl
czinu1w,czin6rl
czinv9s,czinu1w
czinrui,czin82z
czipgdb,czinrui
czinlbj,czinfjp
czink0p,czinh66
czinx09,czinkfb
czizpch,czinx09
cziocc8,czinoys
czipysa,cziocc8
czio0hr,czinux8
cziq7h1,cziprca
cziq6rf,cziptzp
cziqm0b,cziq9ym
cziro32,czir07c
czis7vs,cziro32
czirxlr,czirklh
cziuoqx,czirxlr
czislo7,czisc2w
cziuwax,cziuqkc
cziuzc9,cziuwax
cziv1hp,cziuzc9
cziyq4p,cziuxca
cziyxfv,cziyq4p
cziy512,czixjro
czixmr5,czixjro
czixsjd,czixmso
czj1ifk,czj12i0
czj8a6c,czj1ifk
czj4fm1,czj1km1
czj1m7q,czj1km1
czj23ss,czj1v13
czj2dv0,czj23ss
czj2rtm,czj2j9i
czj4dwy,czj2qra
czjalps,czj9hke
czjgpo4,czjebkq
czk97fj,czjgpo4
czkno33,czk97fj
czkq6yk,czkno33
czjerot,czjebkq
czjj8oi,czjez0w
czjjb4c,czjj8oi
czjgplm,czjez0w
czigme2,czig7uu
cziwlpn,czigme2
czjgqbk,cziwlpn
czjgun0,czjgqbk
czjh7is,czjgun0
czjhjnt,czjh7is
czihuqd,czig75e
cziji95,czihuqd
czijppo,cziji95
czil4ui,czijppo
czilb34,czil4ui
czjnnq4,czilb34
cziy2tk,czijppo
cziy7ic,cziy2tk
cziysm8,cziy7ic
cziz0xv,cziysm8
cziz9z0,cziz0xv
cziicwc,czihuqd
cziieeb,cziicwc
cziigiv,cziieeb
cziil83,cziigiv
cziiui7,cziil83
cziiwcf,cziiui7
czilx1k,cziiwcf
czimaq1,czilx1k
czimcum,czimaq1
cziic1q,czig75e
czij86k,cziic1q
czijlnq,czij86k
cziqwoz,czikgbg
cziknt8,czikgbg
cziwiwm,cziknt8
czipz4t,czikgbg
czigeo5,czifzgc
czig4sq,czifzgc
cziggyj,czig4sq
czigm6f,cziggyj
czignsx,czigm6f
czih08f,czignsx
czigbpy,czifzgc
czigc4j,czifzgc
czjf46c,cziq4nw
czii5kx,czih1h7
czitrfh,czii5kx
cziu50q,czitrfh
cziug3z,cziu50q
cziuqqi,cziug3z
cziwua7,cziuqqi
cziwzlb,cziwua7
czixfai,cziwzlb
cziy3to,czixfai
cziyzcb,cziy3to
cziz4zc,cziyzcb
czizikz,cziz4zc
czj25fv,czizikz
czj2fgh,czj25fv
czj2hrp,czj2fgh
czj2tvc,czj2hrp
czj2zha,czj2tvc
czj3wl7,czj2zha
czj4fks,czj3wl7
czj4lu1,czj4fks
czj5wzb,czj4lu1
czka8nm,czj5wzb
czj6gec,czj5wzb
cziuuq8,cziuqqi
czii6pk,czih3e7
cziiyjr,cziiugm
czij0hg,cziiyjr
czijbo2,czij0hg
czil2kn,cziiyjr
czil72f,czil2kn
czikn3b,czikje8
czikqes,czikn3b
czil8a6,czikqes
czilk79,czil8a6
czig7sq,czig1ag
czigd6i,czig7sq
czigkak,czigd6i
czig2gm,czig1ag
czigfse,czig2gm
czigavv,czig2gm
czii9vn,czig1ag
czigfzz,czig1ag
czigdp8,czig1ag
czihcrm,czig1ag
cziya2y,czivq51
cziyxnr,cziya2y
czifwat,czifvsc
czigktp,czifvsc
czjaupg,czifvsc
czim56s,czifvsc
czihemt,czifvsc
cziga2y,czifvsc
czigbt5,cziga2y
czigp3t,czigbt5
czii3ux,czigp3t
cziixal,czii3ux
czij3lj,cziixal
czij8ar,czij3lj
czik50j,czij8ar
czikolh,czik50j
czikrel,czikolh
czimpbq,czikrel
czigjln,czigbt5
czinede,czifvsc
czig6qr,czifvsc
czig9r5,czifvsc
czigjdq,czig9r5
czijvxk,czig9r5
czigorn,czig9r5
czigt0w,czigorn
czih1fv,czigt0w
czih27p,czih1fv
czih9p2,czig9r5
czihfen,czih9p2
czii26f,czihfen
czikkux,czihfen
czih26v,czigug8
cziirou,cziibjf
czik1g0,czijvu2
czik4v4,czik10f
czik8ro,czik4v4
czikcxf,czik8ro
czimudd,czilwpz
czimi4d,czimhcp
czimiuv,czimi4d
czimj4n,czimhcp
czimjfr,czimj4n
czio8il,czio1sz
cziqkcr,cziqg49
cziswis,czis8ak
cziix7g,czig8uy
czigkw4,czigje4
czijji4,czihe00
czijq3t,czijji4
czijtyo,czijinr
cziga17,czig3za
cziwni4,cziga17
czik3v6,czijy67
czik3s8,czijy67
czikm0v,czik3s8
czitq6a,czikm0v
cziky56,czikm0v
czii4sc,czigm5k
czih5sd,czigzw0
czim0ch,czilcks
czimcux,czim0ch
czinxtl,czimcux
cziuhrc,czitt8g
cziqdl4,czipvm6
czimsuw,czimhzt
czimolt,czimhzt
czin4oq,czimxrt
czioc2z,czin4oq
cziofkx,czinvrr
cziqywm,cziozox
cziorpx,cziocgr
czip10d,cziorpx
czilv7l,czii03q
czinus2,czilv7l
cziko8m,czii03q
czij00p,czii03q
cziko03,czij00p
czikpyr,cziko03
cziktrj,czikpyr
cziiz2r,czii03q
czimmvn,czimj6i
czimpb4,czimmvn
czimrmc,czimpb4
czimwfa,czimrmc
czinnan,czimwfa
czinzjk,czinnan
czimrao,czimmvn
czimxb5,czimrao
czin7is,czimxb5
czincpc,czin7is
cziq0zl,czijewl
czil3ur,czil0iy
czilmiu,czil3ur
czimdzo,czilmiu
czimx35,czimdzo
czijzvk,czijw5y
cziq21k,czikhft
cziq6k2,cziq21k
cziokfl,cziodne
cziotro,cziokfl
cziq3gb,cziotro
cziokyg,cziodne
cziowxm,cziokyg
czioqf1,cziodne
cziisfh,cziirh8
cziiz6r,cziiu7k
czijtzf,cziji4n
czik344,czik1ho
czikfka,czikbxn
czikhi3,czikfka
czilux3,czilqvk
czinjou,czimpet
czinyf1,czinjou
cziona8,czinyf1
czioyw3,cziona8
czip7q0,czioyw3
cziqk06,czip7q0
czimnff,czilwbc
czimxfs,czimnff
czilyjj,czilwbc
czimwgt,czilyjj
czioe12,czinbw0
cziity5,cziih7e
czilnkv,czilirk
czincxi,czilnkv
cziy375,czincxi
czilzyh,czilirk
czipf1k,czip2dx
czjgbto,czjfpav
czjh7bl,czjgbto
czjhcei,czjh7bl
